"","team","game.id","three_pt_Attempts","three_pt_Made","three_pt_Percentage","win","total_pts.points"
"1","atl",33954,26,12,46.2,1,114
"2","atl",33966,20,5,25,1,104
"3","atl",33984,30,11,36.7,1,106
"4","atl",33999,32,11,34.4,0,116
"5","atl",34010,25,5,20,0,92
"6","atl",34024,20,8,40,1,112
"7","atl",34040,29,11,37.9,1,110
"8","atl",34051,20,9,45,1,115
"9","atl",34072,32,13,40.6,1,117
"10","atl",34094,17,6,35.3,1,93
"11","atl",34103,32,10,31.2,1,107
"12","atl",34114,28,7,25,0,96
"13","atl",34133,21,6,28.6,0,94
"14","atl",34149,29,10,34.5,0,94
"15","atl",34156,20,5,25,1,96
"16","atl",34171,25,8,32,0,68
"17","atl",34192,35,12,34.3,0,94
"18","atl",34199,29,7,24.1,0,100
"19","atl",34214,25,9,36,0,107
"20","atl",34228,24,6,25,0,85
"21","atl",34233,28,7,25,0,84
"22","atl",34247,22,7,31.8,0,99
"23","atl",34264,19,4,21,1,103
"24","atl",34280,34,12,35.3,1,114
"25","atl",34309,28,11,39.3,0,120
"26","atl",34332,25,11,44,1,125
"27","atl",34341,26,10,38.5,0,99
"28","atl",34355,23,9,39.1,1,110
"29","atl",34370,26,7,26.9,0,84
"30","atl",34391,25,8,32,1,109
"31","atl",34408,32,8,25,0,90
"32","atl",34418,27,7,25.9,1,102
"33","atl",34438,26,8,30.8,1,105
"34","atl",34448,28,14,50,1,114
"35","atl",34470,19,10,52.6,1,111
"36","atl",34479,23,9,39.1,1,99
"37","atl",34497,22,11,50,1,97
"38","atl",34513,23,7,30.4,1,117
"39","atl",34537,29,11,37.9,0,101
"40","atl",34547,26,13,50,1,111
"41","atl",34553,32,12,37.5,1,108
"42","atl",34573,25,6,24,0,95
"43","atl",34587,22,9,40.9,1,102
"44","atl",34593,20,7,35,1,110
"45","atl",34607,29,9,31,0,105
"46","atl",34623,30,17,56.7,1,119
"47","atl",34642,31,9,29,0,86
"48","atl",34651,31,10,32.3,1,142
"49","atl",34674,26,7,26.9,0,93
"50","atl",34683,30,8,26.7,1,113
"51","atl",34696,28,10,35.7,1,113
"52","atl",34712,17,6,35.3,0,95
"53","atl",34725,27,8,29.6,1,117
"54","atl",34747,30,11,36.7,0,107
"55","atl",34770,28,8,28.6,1,109
"56","atl",34786,26,7,26.9,0,84
"57","atl",34803,20,6,30,0,90
"58","atl",34807,25,8,32,0,86
"59","atl",34825,25,6,24,1,114
"60","atl",34837,21,10,47.6,1,100
"61","atl",34853,26,10,38.5,0,130
"62","atl",34867,27,9,33.3,0,96
"63","atl",34877,28,13,46.4,0,111
"64","atl",34890,20,4,20,1,110
"65","atl",34909,22,8,36.4,1,105
"66","atl",34921,30,15,50,1,107
"67","atl",34934,22,6,27.3,0,99
"68","atl",34957,27,8,29.6,0,91
"69","atl",34969,26,7,26.9,0,97
"70","atl",34984,37,12,32.4,0,90
"71","atl",35003,25,8,32,0,100
"72","atl",35018,22,8,36.4,0,97
"73","atl",35028,27,5,18.5,0,92
"74","atl",35046,27,6,22.2,1,95
"75","atl",35051,18,9,50,1,99
"76","atl",35078,28,11,39.3,0,104
"77","atl",35089,24,7,29.2,0,82
"78","atl",35117,23,11,47.8,1,123
"79","atl",35119,37,16,43.2,1,114
"80","atl",35137,31,9,29,1,126
"81","atl",35152,27,7,25.9,1,103
"82","atl",35166,29,11,37.9,0,86
"83","bos",33946,32,11,34.4,1,122
"84","bos",33955,23,8,34.8,0,99
"85","bos",33967,31,15,48.4,1,104
"86","bos",34001,32,14,43.8,1,107
"87","bos",34008,32,11,34.4,0,122
"88","bos",34031,25,8,32,0,107
"89","bos",34047,31,10,32.3,0,93
"90","bos",34065,27,11,40.7,1,115
"91","bos",34070,25,8,32,1,105
"92","bos",34088,41,12,29.3,0,105
"93","bos",34101,21,7,33.3,1,90
"94","bos",34119,32,11,34.4,0,88
"95","bos",34128,31,12,38.7,1,94
"96","bos",34145,38,12,31.6,1,99
"97","bos",34157,38,15,39.5,1,111
"98","bos",34165,34,12,35.3,0,103
"99","bos",34196,27,11,40.7,1,112
"100","bos",34207,42,15,35.7,0,114
"101","bos",34223,28,11,39.3,1,97
"102","bos",34234,26,8,30.8,1,107
"103","bos",34251,32,11,34.4,0,106
"104","bos",34262,26,7,26.9,1,117
"105","bos",34279,42,17,40.5,0,94
"106","bos",34297,32,11,34.4,0,96
"107","bos",34323,31,10,32.3,0,101
"108","bos",34331,28,9,32.1,1,96
"109","bos",34350,28,9,32.1,1,105
"110","bos",34364,37,12,32.4,1,112
"111","bos",34380,39,10,25.6,1,109
"112","bos",34385,28,9,32.1,0,112
"113","bos",34396,36,14,38.9,1,119
"114","bos",34412,31,12,38.7,1,113
"115","bos",34428,37,12,32.4,0,118
"116","bos",34434,32,17,53.1,1,117
"117","bos",34462,31,17,54.8,1,115
"118","bos",34486,40,19,47.5,1,110
"119","bos",34493,36,18,50,1,117
"120","bos",34512,27,9,33.3,0,106
"121","bos",34523,41,17,41.5,1,117
"122","bos",34537,44,17,38.6,1,103
"123","bos",34558,39,15,38.5,1,108
"124","bos",34570,33,9,27.3,0,106
"125","bos",34590,35,13,37.1,0,123
"126","bos",34616,33,10,30.3,0,108
"127","bos",34621,32,11,34.4,1,120
"128","bos",34637,34,16,47.1,1,128
"129","bos",34646,40,14,35,1,112
"130","bos",34661,32,13,40.6,1,113
"131","bos",34672,36,12,33.3,1,109
"132","bos",34691,35,13,37.1,1,113
"133","bos",34706,52,16,30.8,1,107
"134","bos",34733,32,10,31.2,0,92
"135","bos",34738,30,10,33.3,1,120
"136","bos",34755,30,13,43.3,1,112
"137","bos",34766,34,16,47.1,1,111
"138","bos",34776,28,13,46.4,1,116
"139","bos",34789,37,14,37.8,0,103
"140","bos",34798,38,12,31.6,0,97
"141","bos",34819,35,12,34.3,1,104
"142","bos",34825,34,10,29.4,0,98
"143","bos",34839,31,13,41.9,1,103
"144","bos",34858,33,10,30.3,1,115
"145","bos",34869,37,13,35.1,0,106
"146","bos",34885,35,10,28.6,0,102
"147","bos",34899,29,10,34.5,1,99
"148","bos",34910,33,12,36.4,0,99
"149","bos",34925,37,16,43.2,1,100
"150","bos",34946,33,13,39.4,1,117
"151","bos",34962,29,7,24.1,1,98
"152","bos",34977,29,6,20.7,0,99
"153","bos",34987,33,10,30.3,1,110
"154","bos",35000,27,11,40.7,1,109
"155","bos",35016,41,14,34.2,1,130
"156","bos",35033,24,8,33.3,1,112
"157","bos",35053,37,12,32.4,0,100
"158","bos",35069,33,12,36.4,1,117
"159","bos",35082,37,12,32.4,1,110
"160","bos",35109,33,7,21.2,0,91
"161","bos",35117,43,15,34.9,0,116
"162","bos",35129,39,17,43.6,1,121
"163","bos",35144,38,14,36.8,1,114
"164","bos",35159,37,12,32.4,1,112
"165","bro",33946,44,15,34.1,0,117
"166","bro",33959,33,10,30.3,1,103
"167","bro",33971,34,11,32.4,0,108
"168","bro",33983,31,5,16.1,0,88
"169","bro",33997,27,13,48.2,1,109
"170","bro",34012,36,9,25,0,95
"171","bro",34041,33,12,36.4,1,119
"172","bro",34046,33,11,33.3,0,96
"173","bro",34079,37,16,43.2,1,122
"174","bro",34092,33,10,30.3,0,95
"175","bro",34097,41,12,29.3,0,118
"176","bro",34118,29,11,37.9,0,105
"177","bro",34134,35,10,28.6,0,109
"178","bro",34157,31,10,32.3,0,92
"179","bro",34174,34,11,32.4,0,97
"180","bro",34187,39,16,41,0,105
"181","bro",34201,38,13,34.2,1,127
"182","bro",34217,40,12,30,0,93
"183","bro",34231,41,11,26.8,0,103
"184","bro",34246,27,11,40.7,0,113
"185","bro",34263,26,9,34.6,1,116
"186","bro",34293,27,7,25.9,0,101
"187","bro",34304,20,7,35,0,118
"188","bro",34318,35,11,31.4,1,107
"189","bro",34330,27,11,40.7,0,111
"190","bro",34348,34,12,35.3,0,107
"191","bro",34360,35,10,28.6,0,104
"192","bro",34377,35,13,37.1,0,101
"193","bro",34384,30,8,26.7,0,99
"194","bro",34403,31,15,48.4,1,120
"195","bro",34420,32,13,40.6,0,99
"196","bro",34433,25,10,40,0,95
"197","bro",34455,27,6,22.2,0,89
"198","bro",34476,38,17,44.7,0,109
"199","bro",34487,30,9,30,0,108
"200","bro",34500,27,10,37,0,95
"201","bro",34513,29,10,34.5,0,97
"202","bro",34527,42,9,21.4,0,95
"203","bro",34533,36,17,47.2,0,113
"204","bro",34549,44,15,34.1,0,112
"205","bro",34562,26,7,26.9,0,109
"206","bro",34585,30,15,50,1,143
"207","bro",34592,41,17,41.5,0,105
"208","bro",34606,25,5,20,0,86
"209","bro",34622,35,13,37.1,0,106
"210","bro",34636,33,16,48.5,0,116
"211","bro",34650,21,7,33.3,0,109
"212","bro",34659,26,4,15.4,0,96
"213","bro",34673,25,5,20,0,90
"214","bro",34687,28,11,39.3,0,97
"215","bro",34705,34,13,38.2,0,95
"216","bro",34719,36,12,33.3,0,107
"217","bro",34724,33,9,27.3,0,110
"218","bro",34739,20,8,40,0,99
"219","bro",34762,37,12,32.4,0,103
"220","bro",34778,36,14,38.9,0,125
"221","bro",34804,30,10,33.3,0,109
"222","bro",34813,28,8,28.6,0,95
"223","bro",34845,28,11,39.3,1,109
"224","bro",34855,29,7,24.1,0,97
"225","bro",34866,30,14,46.7,0,116
"226","bro",34879,30,14,46.7,1,122
"227","bro",34890,34,11,32.4,0,105
"228","bro",34911,31,9,29,0,96
"229","bro",34926,38,19,50,1,120
"230","bro",34940,24,12,50,0,104
"231","bro",34956,31,10,32.3,1,121
"232","bro",34962,35,11,31.4,0,95
"233","bro",34976,31,13,41.9,0,104
"234","bro",34992,29,10,34.5,1,98
"235","bro",35007,29,8,27.6,1,126
"236","bro",35012,15,3,20,0,108
"237","bro",35028,22,6,27.3,1,107
"238","bro",35045,32,9,28.1,0,101
"239","bro",35061,31,10,32.3,0,89
"240","bro",35079,31,8,25.8,1,121
"241","bro",35089,33,10,30.3,1,91
"242","bro",35094,31,16,51.6,1,141
"243","bro",35114,30,11,36.7,0,107
"244","bro",35128,31,10,32.3,1,107
"245","bro",35144,31,8,25.8,0,105
"246","bro",35162,33,3,9.1,0,73
"247","cha",33948,23,7,30.4,1,107
"248","cha",33962,22,7,31.8,1,97
"249","cha",33967,32,9,28.1,0,98
"250","cha",33996,34,13,38.2,1,109
"251","cha",34012,30,10,33.3,1,99
"252","cha",34035,32,12,37.5,1,122
"253","cha",34048,26,8,30.8,1,104
"254","cha",34063,41,17,41.5,0,111
"255","cha",34080,29,11,37.9,0,93
"256","cha",34095,24,11,45.8,1,115
"257","cha",34114,29,10,34.5,1,100
"258","cha",34125,43,15,34.9,0,116
"259","cha",34141,31,9,29,0,90
"260","cha",34153,20,11,55,0,114
"261","cha",34168,29,8,27.6,0,111
"262","cha",34181,22,8,36.4,1,107
"263","cha",34197,26,9,34.6,1,104
"264","cha",34200,27,9,33.3,0,89
"265","cha",34216,18,5,27.8,1,97
"266","cha",34232,36,14,38.9,0,120
"267","cha",34252,18,3,16.7,1,109
"268","cha",34261,21,6,28.6,1,87
"269","cha",34277,22,9,40.9,1,109
"270","cha",34289,27,10,37,0,105
"271","cha",34301,26,10,38.5,0,94
"272","cha",34315,33,14,42.4,0,106
"273","cha",34331,30,8,26.7,0,88
"274","cha",34341,27,12,44.4,1,107
"275","cha",34359,25,11,44,1,117
"276","cha",34382,18,5,27.8,1,103
"277","cha",34403,26,8,30.8,0,118
"278","cha",34417,24,10,41.7,1,120
"279","cha",34426,26,5,19.2,1,91
"280","cha",34444,24,9,37.5,0,109
"281","cha",34457,19,9,47.4,0,111
"282","cha",34469,24,9,37.5,1,123
"283","cha",34478,26,10,38.5,0,114
"284","cha",34498,21,4,19,0,85
"285","cha",34514,43,19,44.2,0,114
"286","cha",34532,23,6,26.1,0,93
"287","cha",34558,25,8,32,0,98
"288","cha",34569,26,11,42.3,1,107
"289","cha",34582,25,12,48,1,113
"290","cha",34592,29,14,48.3,1,112
"291","cha",34605,32,8,25,0,99
"292","cha",34627,23,7,30.4,0,103
"293","cha",34639,37,13,35.1,0,107
"294","cha",34644,37,12,32.4,0,106
"295","cha",34668,31,11,35.5,0,98
"296","cha",34681,30,9,30,0,111
"297","cha",34700,33,13,39.4,0,98
"298","cha",34719,26,7,26.9,1,111
"299","cha",34734,26,8,30.8,0,95
"300","cha",34748,37,13,35.1,0,102
"301","cha",34761,31,11,35.5,0,99
"302","cha",34777,38,13,34.2,0,85
"303","cha",34791,30,7,23.3,0,108
"304","cha",34806,38,14,36.8,1,99
"305","cha",34821,40,18,45,0,121
"306","cha",34834,39,16,41,1,109
"307","cha",34847,34,10,29.4,0,103
"308","cha",34863,27,16,59.3,1,112
"309","cha",34881,31,11,35.5,1,100
"310","cha",34891,21,7,33.3,0,101
"311","cha",34905,21,10,47.6,1,121
"312","cha",34916,46,13,28.3,0,122
"313","cha",34931,29,7,24.1,0,109
"314","cha",34945,23,3,13,0,77
"315","cha",34970,24,9,37.5,1,98
"316","cha",34984,30,12,40,1,105
"317","cha",34999,27,9,33.3,1,109
"318","cha",35013,38,10,26.3,0,105
"319","cha",35027,30,14,46.7,1,120
"320","cha",35043,28,7,25,0,108
"321","cha",35054,32,16,50,1,110
"322","cha",35067,36,17,47.2,1,122
"323","cha",35083,30,11,36.7,1,113
"324","cha",35095,34,12,35.3,0,111
"325","cha",35105,25,8,32,0,99
"326","cha",35129,28,9,32.1,0,114
"327","cha",35147,18,5,27.8,0,79
"328","cha",35152,23,3,13,0,76
"329","chi",33955,25,11,44,1,105
"330","chi",33970,21,9,42.9,1,118
"331","chi",33983,27,11,40.7,1,118
"332","chi",34001,20,7,35,0,100
"333","chi",34013,23,8,34.8,0,104
"334","chi",34023,18,6,33.3,0,94
"335","chi",34036,19,3,15.8,1,112
"336","chi",34051,27,9,33.3,0,107
"337","chi",34058,16,6,37.5,1,98
"338","chi",34073,15,5,33.3,1,106
"339","chi",34096,20,7,35,1,113
"340","chi",34113,17,5,29.4,1,85
"341","chi",34132,30,9,30,0,95
"342","chi",34138,22,8,36.4,1,118
"343","chi",34150,18,6,33.3,0,107
"344","chi",34169,21,6,28.6,1,105
"345","chi",34209,21,4,19,0,90
"346","chi",34226,18,3,16.7,1,111
"347","chi",34236,13,3,23.1,0,82
"348","chi",34248,23,7,30.4,0,110
"349","chi",34257,15,2,13.3,0,91
"350","chi",34276,17,4,23.5,1,95
"351","chi",34290,8,1,12.5,1,105
"352","chi",34310,15,4,26.7,0,94
"353","chi",34324,20,5,25,0,97
"354","chi",34333,21,5,23.8,0,69
"355","chi",34354,16,8,50,1,113
"356","chi",34372,21,6,28.6,0,97
"357","chi",34382,22,7,31.8,0,91
"358","chi",34398,18,7,38.9,0,100
"359","chi",34405,25,6,24,1,90
"360","chi",34420,13,3,23.1,1,101
"361","chi",34432,23,6,26.1,0,101
"362","chi",34443,27,10,37,0,96
"363","chi",34457,23,7,30.4,1,118
"364","chi",34472,30,13,43.3,1,106
"365","chi",34494,28,11,39.3,1,123
"366","chi",34509,19,7,36.8,0,94
"367","chi",34511,27,10,37,0,99
"368","chi",34528,18,3,16.7,0,89
"369","chi",34542,20,8,40,1,107
"370","chi",34551,17,4,23.5,1,108
"371","chi",34564,14,6,42.9,0,98
"372","chi",34587,28,7,25,0,93
"373","chi",34600,17,6,35.3,1,102
"374","chi",34617,22,7,31.8,1,100
"375","chi",34623,27,8,29.6,0,114
"376","chi",34640,13,3,23.1,0,88
"377","chi",34656,14,8,57.1,1,121
"378","chi",34680,15,6,40,1,128
"379","chi",34689,25,8,32,0,117
"380","chi",34718,19,6,31.6,1,112
"381","chi",34732,24,4,16.7,0,92
"382","chi",34746,19,5,26.3,0,97
"383","chi",34756,25,10,40,0,89
"384","chi",34771,17,7,41.2,1,105
"385","chi",34789,25,6,24,1,104
"386","chi",34799,26,12,46.2,1,128
"387","chi",34811,30,15,50,1,117
"388","chi",34831,26,10,38.5,0,107
"389","chi",34846,19,5,26.3,1,94
"390","chi",34862,17,6,35.3,0,91
"391","chi",34878,28,8,28.6,0,95
"392","chi",34889,28,12,42.9,0,91
"393","chi",34906,39,9,23.1,0,94
"394","chi",34925,25,7,28,0,80
"395","chi",34931,40,14,35,1,115
"396","chi",34949,28,11,39.3,0,91
"397","chi",34961,27,7,25.9,0,107
"398","chi",34972,19,7,36.8,1,95
"399","chi",34991,37,14,37.8,0,120
"400","chi",35001,23,11,47.8,1,117
"401","chi",35017,24,10,41.7,0,107
"402","chi",35030,21,10,47.6,1,109
"403","chi",35062,25,12,48,1,99
"404","chi",35078,30,12,40,1,106
"405","chi",35087,26,13,50,1,117
"406","chi",35100,27,6,22.2,0,91
"407","chi",35113,25,8,32,1,102
"408","chi",35128,24,11,45.8,0,106
"409","chi",35146,26,12,46.2,1,122
"410","chi",35162,30,14,46.7,1,112
"411","cle",33941,35,13,37.1,1,117
"412","cle",33958,32,12,37.5,1,94
"413","cle",33969,37,11,29.7,1,105
"414","cle",33987,32,16,50,1,128
"415","cle",34008,34,14,41.2,1,128
"416","cle",34020,38,14,36.8,1,102
"417","cle",34040,42,11,26.2,0,106
"418","cle",34062,33,14,42.4,1,105
"419","cle",34080,38,14,36.8,1,100
"420","cle",34093,33,13,39.4,1,121
"421","cle",34100,30,11,36.7,0,93
"422","cle",34116,25,11,44,1,104
"423","cle",34155,36,21,58.3,1,137
"424","cle",34167,43,20,46.5,1,128
"425","cle",34185,40,12,30,1,112
"426","cle",34202,39,14,35.9,0,101
"427","cle",34219,24,9,37.5,0,94
"428","cle",34226,26,10,38.5,0,105
"429","cle",34245,32,14,43.8,1,116
"430","cle",34267,40,22,55,1,126
"431","cle",34278,24,9,37.5,1,114
"432","cle",34289,31,13,41.9,1,116
"433","cle",34308,31,12,38.7,1,103
"434","cle",34319,25,9,36,0,85
"435","cle",34342,33,15,45.4,1,119
"436","cle",34363,40,17,42.5,1,114
"437","cle",34369,27,15,55.6,1,113
"438","cle",34384,35,8,22.9,1,119
"439","cle",34397,35,12,34.3,1,109
"440","cle",34404,28,11,39.3,0,90
"441","cle",34428,38,14,36.8,1,124
"442","cle",34444,31,14,45.2,1,121
"443","cle",34454,31,6,19.4,1,90
"444","cle",34472,25,8,32,0,94
"445","cle",34487,33,9,27.3,1,116
"446","cle",34505,34,15,44.1,1,120
"447","cle",34516,31,9,29,0,92
"448","cle",34525,30,9,30,0,86
"449","cle",34539,37,15,40.5,1,120
"450","cle",34559,34,9,26.5,0,91
"451","cle",34576,43,19,44.2,1,118
"452","cle",34597,34,13,38.2,0,115
"453","cle",34611,37,15,40.5,0,122
"454","cle",34620,38,15,39.5,0,112
"455","cle",34636,36,13,36.1,1,124
"456","cle",34652,29,8,27.6,1,107
"457","cle",34662,32,12,37.5,0,97
"458","cle",34671,37,15,40.5,1,125
"459","cle",34699,40,16,40,1,111
"460","cle",34709,38,19,50,1,140
"461","cle",34723,36,16,44.4,1,132
"462","cle",34736,21,10,47.6,0,109
"463","cle",34751,30,15,50,1,125
"464","cle",34772,39,13,33.3,1,116
"465","cle",34775,39,18,46.2,1,113
"466","cle",34793,38,15,39.5,1,119
"467","cle",34811,37,14,37.8,0,99
"468","cle",34824,27,10,37,1,102
"469","cle",34839,33,10,30.3,0,99
"470","cle",34853,46,25,54.4,1,135
"471","cle",34861,27,11,40.7,0,92
"472","cle",34876,27,9,33.3,0,98
"473","cle",34900,39,11,28.2,0,101
"474","cle",34917,39,15,38.5,1,116
"475","cle",34929,43,17,39.5,0,112
"476","cle",34939,30,19,63.3,1,128
"477","cle",34954,33,9,27.3,1,91
"478","cle",34971,27,5,18.5,0,78
"479","cle",34983,36,13,36.1,1,125
"480","cle",35004,37,15,40.5,0,113
"481","cle",35013,25,9,36,1,112
"482","cle",35023,33,12,36.4,0,115
"483","cle",35039,26,4,15.4,0,74
"484","cle",35062,27,10,37,0,93
"485","cle",35068,29,13,44.8,1,122
"486","cle",35091,43,18,41.9,1,135
"487","cle",35096,36,18,50,1,122
"488","cle",35109,36,11,30.6,1,114
"489","cle",35119,36,9,25,0,100
"490","cle",35137,46,19,41.3,0,125
"491","cle",35145,35,14,40,0,121
"492","cle",35158,37,10,27,0,83
"493","dal",33945,48,18,37.5,0,121
"494","dal",33963,29,8,27.6,0,98
"495","dal",33981,30,11,36.7,0,92
"496","dal",34002,26,7,26.9,0,81
"497","dal",34016,28,10,35.7,0,95
"498","dal",34030,38,9,23.7,1,86
"499","dal",34044,23,10,43.5,1,109
"500","dal",34056,28,6,21.4,0,95
"501","dal",34086,27,5,18.5,0,77
"502","dal",34101,23,8,34.8,0,83
"503","dal",34120,25,5,20,0,64
"504","dal",34127,28,13,46.4,0,87
"505","dal",34146,27,8,29.6,0,91
"506","dal",34160,24,11,45.8,0,104
"507","dal",34167,35,8,22.9,0,90
"508","dal",34190,27,10,37,1,91
"509","dal",34212,30,10,33.3,0,87
"510","dal",34216,31,9,29,0,87
"511","dal",34236,31,13,41.9,1,107
"512","dal",34252,36,13,36.1,0,101
"513","dal",34268,30,10,33.3,0,89
"514","dal",34283,32,15,46.9,1,111
"515","dal",34292,34,11,32.4,0,87
"516","dal",34305,26,12,46.2,1,112
"517","dal",34321,25,8,32,0,85
"518","dal",34338,28,12,42.9,0,100
"519","dal",34351,33,13,39.4,1,99
"520","dal",34357,25,14,56,0,107
"521","dal",34376,31,7,22.6,1,96
"522","dal",34395,29,7,24.1,1,90
"523","dal",34406,32,13,40.6,0,104
"524","dal",34414,38,15,39.5,0,107
"525","dal",34431,31,14,45.2,1,101
"526","dal",34441,32,8,25,0,99
"527","dal",34464,32,17,53.1,1,113
"528","dal",34481,29,9,31,0,95
"529","dal",34497,36,9,25,0,82
"530","dal",34510,28,13,46.4,0,92
"531","dal",34530,34,15,44.1,1,113
"532","dal",34548,29,12,41.4,1,98
"533","dal",34564,28,11,39.3,1,99
"534","dal",34577,36,14,38.9,0,95
"535","dal",34588,23,8,34.8,0,107
"536","dal",34602,39,17,43.6,1,122
"537","dal",34628,26,6,23.1,1,103
"538","dal",34630,26,11,42.3,0,98
"539","dal",34657,34,12,35.3,1,105
"540","dal",34662,32,9,28.1,1,104
"541","dal",34676,26,10,38.5,1,113
"542","dal",34694,31,17,54.8,1,108
"543","dal",34716,26,8,30.8,0,87
"544","dal",34721,28,12,42.9,0,113
"545","dal",34737,20,5,25,1,112
"546","dal",34754,35,17,48.6,1,112
"547","dal",34766,27,9,33.3,0,98
"548","dal",34779,36,10,27.8,0,91
"549","dal",34802,33,8,24.2,0,84
"550","dal",34810,26,12,46.2,1,96
"551","dal",34827,18,9,50,1,96
"552","dal",34837,33,14,42.4,0,95
"553","dal",34854,27,5,18.5,1,104
"554","dal",34872,25,7,28,1,104
"555","dal",34887,31,17,54.8,1,122
"556","dal",34911,33,14,42.4,1,105
"557","dal",34922,26,9,34.6,0,98
"558","dal",34932,25,7,28,0,78
"559","dal",34944,32,14,43.8,1,112
"560","dal",34960,23,5,21.7,0,74
"561","dal",34976,25,10,40,1,111
"562","dal",34995,34,11,32.4,0,87
"563","dal",35009,26,9,34.6,1,97
"564","dal",35024,28,7,25,0,86
"565","dal",35040,29,10,34.5,0,91
"566","dal",35057,27,14,51.8,0,118
"567","dal",35071,34,12,35.3,0,90
"568","dal",35085,36,14,38.9,1,109
"569","dal",35103,43,12,27.9,0,87
"570","dal",35112,31,11,35.5,0,101
"571","dal",35123,27,8,29.6,0,89
"572","dal",35139,45,16,35.6,0,111
"573","dal",35154,40,12,30,0,91
"574","dal",35163,34,9,26.5,1,100
"575","den",33950,24,8,33.3,1,107
"576","den",33973,23,6,26.1,0,113
"577","den",33982,22,9,40.9,0,102
"578","den",34007,22,6,27.3,1,102
"579","den",34022,25,7,28,0,86
"580","den",34031,23,11,47.8,1,123
"581","den",34042,24,10,41.7,0,107
"582","den",34059,36,13,36.1,0,101
"583","den",34078,25,9,36,0,95
"584","den",34084,29,11,37.9,0,105
"585","den",34106,17,8,47.1,1,120
"586","den",34121,25,4,16,0,111
"587","den",34137,22,8,36.4,1,105
"588","den",34150,22,10,45.4,1,110
"589","den",34161,27,9,33.3,0,83
"590","den",34175,34,12,35.3,0,129
"591","den",34186,29,13,44.8,1,120
"592","den",34213,22,7,31.8,0,98
"593","den",34230,31,9,29,0,110
"594","den",34237,24,13,54.2,0,98
"595","den",34244,27,10,37,1,106
"596","den",34263,37,11,29.7,0,111
"597","den",34272,32,7,21.9,0,85
"598","den",34287,19,8,42.1,1,121
"599","den",34305,25,7,28,0,92
"600","den",34326,31,15,48.4,1,132
"601","den",34344,27,10,37,1,127
"602","den",34357,25,13,52,1,117
"603","den",34366,39,11,28.2,0,102
"604","den",34391,25,8,32,0,108
"605","den",34410,31,11,35.5,1,106
"606","den",34423,28,10,35.7,1,105
"607","den",34440,27,11,40.7,0,122
"608","den",34460,35,9,25.7,0,119
"609","den",34466,38,18,47.4,0,113
"610","den",34483,25,7,28,0,99
"611","den",34495,24,9,37.5,0,106
"612","den",34526,32,15,46.9,1,140
"613","den",34557,27,9,33.3,1,125
"614","den",34566,26,11,42.3,1,127
"615","den",34579,31,10,32.3,0,104
"616","den",34598,24,10,41.7,1,123
"617","den",34604,24,7,29.2,0,108
"618","den",34618,26,10,38.5,1,103
"619","den",34632,23,9,39.1,1,127
"620","den",34649,25,8,32,1,123
"621","den",34669,27,15,55.6,0,116
"622","den",34677,25,9,36,0,99
"623","den",34692,28,9,32.1,1,121
"624","den",34702,26,10,38.5,0,97
"625","den",34716,28,11,39.3,1,110
"626","den",34725,44,13,29.6,0,106
"627","den",34740,32,16,50,1,131
"628","den",34751,37,12,32.4,0,109
"629","den",34767,40,24,60,1,132
"630","den",34782,34,11,32.4,0,99
"631","den",34795,35,12,34.3,0,100
"632","den",34804,31,14,45.2,1,129
"633","den",34816,34,11,32.4,0,98
"634","den",34831,30,13,43.3,1,125
"635","den",34840,33,10,30.3,1,110
"636","den",34863,30,9,30,0,102
"637","den",34883,30,13,43.3,1,108
"638","den",34898,28,13,46.4,0,113
"639","den",34910,31,12,38.7,1,119
"640","den",34924,34,9,26.5,1,105
"641","den",34938,38,17,44.7,1,129
"642","den",34958,28,15,53.6,1,129
"643","den",34974,31,10,32.3,0,105
"644","den",34988,29,12,41.4,0,124
"645","den",35004,26,11,42.3,1,126
"646","den",35015,27,7,25.9,1,125
"647","den",35035,25,6,24,0,90
"648","den",35049,30,9,30,0,113
"649","den",35067,33,16,48.5,0,114
"650","den",35090,20,5,25,1,116
"651","den",35098,30,13,43.3,1,134
"652","den",35108,38,7,18.4,0,104
"653","den",35124,32,13,40.6,1,122
"654","den",35138,34,11,32.4,0,105
"655","den",35154,42,18,42.9,1,109
"656","den",35165,25,7,28,1,111
"657","det",33947,22,4,18.2,0,91
"658","det",33960,19,7,36.8,1,108
"659","det",33978,20,5,25,1,98
"660","det",33990,13,8,61.5,1,102
"661","det",33997,25,9,36,0,101
"662","det",34022,20,7,35,1,103
"663","det",34038,12,4,33.3,0,82
"664","det",34053,22,9,40.9,0,100
"665","det",34067,25,5,20,0,86
"666","det",34078,18,4,22.2,1,106
"667","det",34087,16,5,31.2,1,104
"668","det",34102,23,8,34.8,0,102
"669","det",34116,19,6,31.6,0,81
"670","det",34128,20,7,35,0,92
"671","det",34143,17,7,41.2,0,96
"672","det",34158,19,6,31.6,1,107
"673","det",34170,19,9,47.4,1,108
"674","det",34182,19,1,5.3,0,88
"675","det",34200,28,12,42.9,1,112
"676","det",34207,20,9,45,1,121
"677","det",34228,29,17,58.6,1,121
"678","det",34240,27,10,37,0,92
"679","det",34257,21,8,38.1,1,102
"680","det",34261,27,4,14.8,0,77
"681","det",34282,29,14,48.3,1,117
"682","det",34296,19,5,26.3,0,79
"683","det",34321,17,5,29.4,1,95
"684","det",34329,28,10,35.7,0,108
"685","det",34340,30,10,33.3,0,90
"686","det",34354,23,3,13,0,82
"687","det",34371,23,6,26.1,0,86
"688","det",34386,29,10,34.5,0,113
"689","det",34404,28,16,57.1,1,106
"690","det",34419,24,6,25,0,94
"691","det",34438,31,9,29,0,98
"692","det",34449,22,9,40.9,1,107
"693","det",34463,29,10,34.5,0,116
"694","det",34478,28,10,35.7,1,115
"695","det",34499,25,8,32,1,125
"696","det",34519,27,12,44.4,0,94
"697","det",34531,28,6,21.4,0,107
"698","det",34540,17,6,35.3,0,77
"699","det",34552,25,9,36,1,102
"700","det",34573,25,10,40,1,118
"701","det",34591,28,11,39.3,1,113
"702","det",34609,28,10,35.7,0,104
"703","det",34645,12,4,33.3,0,103
"704","det",34661,27,3,11.1,0,109
"705","det",34675,26,10,38.5,1,118
"706","det",34688,26,11,42.3,1,116
"707","det",34697,17,6,35.3,0,84
"708","det",34713,22,5,22.7,1,113
"709","det",34726,16,4,25,1,121
"710","det",34741,17,5,29.4,0,92
"711","det",34758,31,8,25.8,1,102
"712","det",34764,21,7,33.3,0,89
"713","det",34779,20,6,30,1,98
"714","det",34791,37,15,40.5,1,114
"715","det",34819,33,12,36.4,0,98
"716","det",34830,25,7,28,1,120
"717","det",34841,23,3,13,0,86
"718","det",34859,23,10,43.5,1,136
"719","det",34878,21,6,28.6,1,109
"720","det",34896,26,7,26.9,0,98
"721","det",34900,26,9,34.6,1,106
"722","det",34915,27,9,33.3,1,112
"723","det",34939,19,4,21,0,96
"724","det",34948,13,3,23.1,0,83
"725","det",34963,20,3,15,0,75
"726","det",34978,25,12,48,1,112
"727","det",34992,23,5,21.7,0,96
"728","det",35001,20,7,35,0,95
"729","det",35014,22,2,9.1,0,87
"730","det",35038,23,9,39.1,0,95
"731","det",35047,27,8,29.6,0,96
"732","det",35061,18,7,38.9,1,90
"733","det",35070,30,7,23.3,0,105
"734","det",35106,21,7,33.3,0,102
"735","det",35122,26,9,34.6,1,114
"736","det",35141,28,14,50,1,103
"737","det",35148,26,10,38.5,0,101
"738","det",35157,35,11,31.4,0,109
"739","gsw",33943,33,7,21.2,0,100
"740","gsw",33965,28,9,32.1,1,122
"741","gsw",33976,29,8,27.6,1,106
"742","gsw",33994,26,10,38.5,1,127
"743","gsw",34009,30,14,46.7,1,122
"744","gsw",34018,32,5,15.6,0,97
"745","gsw",34039,35,16,45.7,1,116
"746","gsw",34056,33,17,51.5,1,116
"747","gsw",34059,30,14,46.7,1,125
"748","gsw",34083,33,16,48.5,1,133
"749","gsw",34105,36,13,36.1,1,127
"750","gsw",34119,28,9,32.1,1,104
"751","gsw",34131,38,14,36.8,1,124
"752","gsw",34142,36,13,36.1,1,120
"753","gsw",34163,36,19,52.8,1,149
"754","gsw",34178,28,11,39.3,1,109
"755","gsw",34184,22,11,50,1,115
"756","gsw",34199,35,12,34.3,1,105
"757","gsw",34221,44,12,27.3,0,127
"758","gsw",34239,21,14,66.7,1,138
"759","gsw",34254,37,14,37.8,1,142
"760","gsw",34270,30,7,23.3,1,115
"761","gsw",34275,29,12,41.4,1,106
"762","gsw",34291,27,9,33.3,0,89
"763","gsw",34298,32,13,40.6,1,116
"764","gsw",34311,34,14,41.2,1,113
"765","gsw",34328,32,9,28.1,1,103
"766","gsw",34345,28,14,50,1,135
"767","gsw",34367,23,9,39.1,1,104
"768","gsw",34377,37,12,32.4,1,117
"769","gsw",34386,27,11,40.7,1,119
"770","gsw",34397,30,9,30,0,108
"771","gsw",34425,23,14,60.9,1,121
"772","gsw",34441,33,11,33.3,1,108
"773","gsw",34460,25,11,44,1,127
"774","gsw",34474,36,13,36.1,1,125
"775","gsw",34490,30,8,26.7,0,119
"776","gsw",34506,29,10,34.5,1,117
"777","gsw",34518,27,11,40.7,1,107
"778","gsw",34531,29,15,51.7,1,127
"779","gsw",34559,34,15,44.1,1,126
"780","gsw",34574,21,10,47.6,1,121
"781","gsw",34586,38,15,39.5,1,125
"782","gsw",34601,42,19,45.2,1,118
"783","gsw",34608,30,8,26.7,0,102
"784","gsw",34627,28,11,39.3,1,113
"785","gsw",34647,34,17,50,1,144
"786","gsw",34658,26,8,30.8,1,113
"787","gsw",34681,48,21,43.8,1,126
"788","gsw",34685,34,14,41.2,1,133
"789","gsw",34704,44,15,34.1,0,106
"790","gsw",34732,28,15,53.6,1,123
"791","gsw",34743,33,15,45.4,1,122
"792","gsw",34752,31,13,41.9,1,130
"793","gsw",34767,32,8,25,0,110
"794","gsw",34787,36,13,36.1,1,109
"795","gsw",34794,25,13,52,1,123
"796","gsw",34813,31,11,35.5,1,112
"797","gsw",34823,29,6,20.7,1,119
"798","gsw",34829,28,8,28.6,0,108
"799","gsw",34846,30,6,20,0,87
"800","gsw",34868,35,13,37.1,1,112
"801","gsw",34877,44,20,45.4,1,119
"802","gsw",34899,30,6,20,0,86
"803","gsw",34908,24,7,29.2,0,102
"804","gsw",34920,17,5,29.4,0,85
"805","gsw",34943,32,14,43.8,1,106
"806","gsw",34959,26,10,38.5,1,122
"807","gsw",34975,23,12,52.2,1,117
"808","gsw",34989,33,15,45.4,1,111
"809","gsw",34995,30,13,43.3,1,112
"810","gsw",35021,31,10,32.3,1,114
"811","gsw",35034,31,17,54.8,1,106
"812","gsw",35048,41,11,26.8,1,113
"813","gsw",35058,26,13,50,1,110
"814","gsw",35076,32,11,34.4,1,107
"815","gsw",35092,36,16,44.4,1,139
"816","gsw",35102,32,14,43.8,1,121
"817","gsw",35111,31,13,41.9,1,120
"818","gsw",35135,33,10,30.3,1,123
"819","gsw",35151,25,9,36,0,99
"820","gsw",35169,36,12,33.3,1,109
"821","hou",33953,29,7,24.1,0,114
"822","hou",33963,32,15,46.9,1,106
"823","hou",33981,31,11,35.5,1,93
"824","hou",33987,44,17,38.6,0,120
"825","hou",33998,40,15,37.5,1,118
"826","hou",34024,36,12,33.3,0,97
"827","hou",34034,37,17,46,1,114
"828","hou",34054,30,10,33.3,1,101
"829","hou",34074,47,15,31.9,0,100
"830","hou",34089,40,17,42.5,1,115
"831","hou",34104,40,14,35,0,103
"832","hou",34111,32,14,43.8,1,126
"833","hou",34124,32,12,37.5,1,111
"834","hou",34143,31,10,32.3,1,99
"835","hou",34159,42,14,33.3,0,102
"836","hou",34179,50,21,42,1,117
"837","hou",34191,36,17,47.2,1,130
"838","hou",34205,30,11,36.7,0,101
"839","hou",34221,44,14,31.8,1,132
"840","hou",34230,37,17,46,1,128
"841","hou",34251,38,12,31.6,1,107
"842","hou",34266,36,15,41.7,1,134
"843","hou",34281,42,11,26.2,1,102
"844","hou",34292,37,19,51.4,1,109
"845","hou",34304,43,17,39.5,1,122
"846","hou",34320,42,22,52.4,1,132
"847","hou",34335,61,24,39.3,1,122
"848","hou",34343,51,17,33.3,1,111
"849","hou",34365,38,6,15.8,0,100
"850","hou",34375,38,18,47.4,1,125
"851","hou",34388,52,20,38.5,0,109
"852","hou",34407,43,15,34.9,1,131
"853","hou",34414,32,17,53.1,1,123
"854","hou",34436,40,14,35,1,140
"855","hou",34445,55,21,38.2,1,129
"856","hou",34458,39,12,30.8,1,101
"857","hou",34480,39,15,38.5,1,118
"858","hou",34485,49,15,30.6,1,100
"859","hou",34503,38,11,29,1,129
"860","hou",34514,39,17,43.6,1,121
"861","hou",34522,42,15,35.7,0,105
"862","hou",34535,41,10,24.4,0,105
"863","hou",34549,44,21,47.7,1,137
"864","hou",34563,39,9,23.1,0,103
"865","hou",34572,44,14,31.8,1,111
"866","hou",34586,35,7,20,0,108
"867","hou",34596,42,16,38.1,1,119
"868","hou",34610,35,14,40,0,114
"869","hou",34621,31,10,32.3,0,109
"870","hou",34634,31,12,38.7,1,123
"871","hou",34653,39,11,28.2,0,101
"872","hou",34666,45,14,31.1,1,105
"873","hou",34683,51,13,25.5,0,108
"874","hou",34689,43,16,37.2,1,121
"875","hou",34720,38,16,42.1,1,128
"876","hou",34734,40,13,32.5,1,107
"877","hou",34753,36,18,50,1,133
"878","hou",34781,40,13,32.5,0,109
"879","hou",34792,51,20,39.2,1,129
"880","hou",34812,58,22,37.9,1,142
"881","hou",34826,45,10,22.2,0,108
"882","hou",34844,52,20,38.5,1,122
"883","hou",34864,42,18,42.9,1,123
"884","hou",34882,39,14,35.9,0,110
"885","hou",34894,32,8,25,0,108
"886","hou",34906,47,15,31.9,1,115
"887","hou",34929,45,16,35.6,1,117
"888","hou",34950,43,18,41.9,1,139
"889","hou",34964,40,13,32.5,0,112
"890","hou",34974,24,5,20.8,1,109
"891","hou",34988,38,17,44.7,1,125
"892","hou",35019,39,14,35.9,1,117
"893","hou",35031,39,20,51.3,1,137
"894","hou",35048,31,5,16.1,0,106
"895","hou",35065,34,8,23.5,0,107
"896","hou",35076,37,12,32.4,0,98
"897","hou",35093,38,14,36.8,1,123
"898","hou",35108,34,10,29.4,1,110
"899","hou",35122,51,16,31.4,0,109
"900","hou",35140,43,18,41.9,1,135
"901","hou",35150,40,9,22.5,0,96
"902","hou",35164,56,19,33.9,1,123
"903","ind",33945,19,10,52.6,1,130
"904","ind",33959,24,7,29.2,0,94
"905","ind",33970,18,7,38.9,0,101
"906","ind",33988,28,10,35.7,1,115
"907","ind",34006,23,10,43.5,0,107
"908","ind",34023,26,12,46.2,1,111
"909","ind",34035,33,9,27.3,0,100
"910","ind",34050,19,9,47.4,1,122
"911","ind",34061,19,5,26.3,0,105
"912","ind",34070,27,6,22.2,0,99
"913","ind",34085,25,8,32,1,88
"914","ind",34100,28,10,35.7,1,103
"915","ind",34115,7,1,14.3,0,96
"916","ind",34135,22,11,50,1,115
"917","ind",34142,23,6,26.1,0,83
"918","ind",34156,27,7,25.9,0,85
"919","ind",34174,26,11,42.3,1,118
"920","ind",34189,19,5,26.3,1,91
"921","ind",34215,14,6,42.9,0,109
"922","ind",34243,14,5,35.7,1,111
"923","ind",34254,15,3,20,0,106
"924","ind",34269,23,7,30.4,1,109
"925","ind",34283,25,14,56,0,103
"926","ind",34288,29,15,51.7,1,118
"927","ind",34301,36,17,47.2,1,110
"928","ind",34317,27,9,33.3,0,89
"929","ind",34325,21,3,14.3,0,95
"930","ind",34340,19,6,31.6,1,105
"931","ind",34353,21,7,33.3,1,107
"932","ind",34361,23,6,26.1,0,111
"933","ind",34380,23,7,30.4,0,102
"934","ind",34405,25,9,36,0,85
"935","ind",34416,28,11,39.3,0,105
"936","ind",34432,19,7,36.8,1,111
"937","ind",34450,22,9,40.9,1,117
"938","ind",34463,16,9,56.2,1,121
"939","ind",34476,22,10,45.4,1,121
"940","ind",34492,24,11,45.8,1,123
"941","ind",34526,29,12,41.4,0,112
"942","ind",34556,19,5,26.3,1,98
"943","ind",34575,21,7,33.3,1,106
"944","ind",34589,24,10,41.7,0,96
"945","ind",34599,20,10,50,0,100
"946","ind",34612,26,7,26.9,0,103
"947","ind",34631,18,10,55.6,1,109
"948","ind",34635,28,10,35.7,1,115
"949","ind",34653,21,5,23.8,1,120
"950","ind",34670,20,9,45,1,98
"951","ind",34687,20,8,40,1,106
"952","ind",34697,24,7,29.2,1,105
"953","ind",34710,26,8,30.8,1,93
"954","ind",34723,25,13,52,0,117
"955","ind",34745,21,4,19,0,107
"956","ind",34749,22,10,45.4,0,100
"957","ind",34765,20,9,45,0,106
"958","ind",34775,24,12,50,0,104
"959","ind",34788,18,4,22.2,0,98
"960","ind",34797,26,11,42.3,1,102
"961","ind",34809,12,4,33.3,0,95
"962","ind",34826,30,13,43.3,1,117
"963","ind",34842,24,7,29.2,0,99
"964","ind",34867,33,15,45.4,1,97
"965","ind",34881,30,12,40,0,88
"966","ind",34896,23,11,47.8,1,115
"967","ind",34907,18,2,11.1,0,85
"968","ind",34927,15,5,33.3,1,102
"969","ind",34941,29,8,27.6,0,81
"970","ind",34945,28,12,42.9,1,98
"971","ind",34980,23,6,26.1,0,91
"972","ind",34986,20,10,50,1,107
"973","ind",35000,28,11,39.3,0,100
"974","ind",35015,24,13,54.2,0,117
"975","ind",35032,17,7,41.2,1,107
"976","ind",35044,18,5,27.8,0,114
"977","ind",35056,25,10,40,0,97
"978","ind",35066,26,11,42.3,0,100
"979","ind",35091,41,16,39,0,130
"980","ind",35097,25,12,48,1,108
"981","ind",35115,25,8,32,1,104
"982","ind",35130,22,11,50,1,127
"983","ind",35143,16,5,31.2,1,120
"984","ind",35166,24,10,41.7,1,104
"985","lac",33957,29,8,27.6,1,114
"986","lac",33975,27,6,22.2,1,88
"987","lac",33985,16,6,37.5,1,116
"988","lac",34004,22,7,31.8,0,83
"989","lac",34014,27,8,29.6,1,99
"990","lac",34026,23,9,39.1,1,116
"991","lac",34038,25,13,52,1,114
"992","lac",34055,32,11,34.4,1,111
"993","lac",34066,27,11,40.7,1,110
"994","lac",34075,24,11,45.8,1,119
"995","lac",34092,25,14,56,1,127
"996","lac",34107,25,9,36,0,107
"997","lac",34123,29,13,44.8,1,121
"998","lac",34132,27,11,40.7,1,102
"999","lac",34147,25,10,40,1,123
"1000","lac",34160,32,15,46.9,1,124
"1001","lac",34170,21,7,33.3,0,97
"1002","lac",34189,24,4,16.7,0,70
"1003","lac",34201,40,13,32.5,0,122
"1004","lac",34219,31,13,41.9,1,113
"1005","lac",34227,24,10,41.7,1,114
"1006","lac",34243,30,10,33.3,0,102
"1007","lac",34270,26,8,30.8,0,98
"1008","lac",34295,36,17,47.2,1,133
"1009","lac",34306,23,11,47.8,1,121
"1010","lac",34316,25,13,52,1,113
"1011","lac",34337,25,7,28,1,102
"1012","lac",34346,24,7,29.2,0,110
"1013","lac",34366,36,16,44.4,1,119
"1014","lac",34381,28,11,39.3,1,106
"1015","lac",34395,29,13,44.8,0,88
"1016","lac",34400,29,10,34.5,0,102
"1017","lac",34410,25,9,36,0,102
"1018","lac",34436,33,13,39.4,0,116
"1019","lac",34447,30,8,26.7,0,88
"1020","lac",34459,16,7,43.8,1,109
"1021","lac",34473,23,9,39.1,1,115
"1022","lac",34491,31,13,41.9,1,106
"1023","lac",34501,30,9,30,1,98
"1024","lac",34524,26,9,34.6,1,105
"1025","lac",34541,28,10,35.7,1,113
"1026","lac",34561,28,12,42.9,1,120
"1027","lac",34580,22,4,18.2,0,101
"1028","lac",34598,32,10,31.2,0,98
"1029","lac",34607,24,14,58.3,1,115
"1030","lac",34615,34,18,52.9,0,110
"1031","lac",34647,28,12,42.9,0,98
"1032","lac",34679,19,5,26.3,1,124
"1033","lac",34685,25,10,40,0,120
"1034","lac",34706,29,10,34.5,0,102
"1035","lac",34711,35,13,37.1,0,109
"1036","lac",34731,25,10,40,1,119
"1037","lac",34748,34,14,41.2,1,107
"1038","lac",34768,25,9,36,1,88
"1039","lac",34786,37,14,37.8,1,99
"1040","lac",34794,28,11,39.3,0,113
"1041","lac",34805,23,7,30.4,0,97
"1042","lac",34821,32,10,31.2,1,124
"1043","lac",34844,34,12,35.3,0,103
"1044","lac",34852,19,8,42.1,0,101
"1045","lac",34862,25,6,24,1,101
"1046","lac",34885,20,9,45,1,116
"1047","lac",34895,24,9,37.5,0,91
"1048","lac",34901,30,11,36.7,1,114
"1049","lac",34914,25,8,32,1,112
"1050","lac",34936,30,12,40,0,108
"1051","lac",34953,24,5,20.8,0,96
"1052","lac",34958,32,16,50,0,114
"1053","lac",34971,26,8,30.8,1,108
"1054","lac",34990,31,10,32.3,1,114
"1055","lac",34998,33,15,45.4,1,133
"1056","lac",35009,27,9,33.3,0,95
"1057","lac",35022,27,7,25.9,1,108
"1058","lac",35029,29,10,34.5,0,97
"1059","lac",35059,30,12,40,1,133
"1060","lac",35064,22,12,54.6,1,124
"1061","lac",35077,25,11,44,1,115
"1062","lac",35112,31,12,38.7,1,112
"1063","lac",35133,22,6,27.3,1,98
"1064","lac",35150,26,10,38.5,1,125
"1065","lac",35168,28,10,35.7,1,115
"1066","lac",40246,37,11,29.7,0,98
"1067","lal",33953,35,12,34.3,1,120
"1068","lal",33964,23,9,39.1,0,89
"1069","lal",33980,32,7,21.9,0,96
"1070","lal",33988,28,6,21.4,0,108
"1071","lal",33999,22,9,40.9,1,123
"1072","lal",34018,30,8,26.7,1,117
"1073","lal",34032,23,10,43.5,1,119
"1074","lal",34044,26,10,38.5,0,97
"1075","lal",34060,27,9,33.3,1,101
"1076","lal",34069,30,16,53.3,1,126
"1077","lal",34082,24,8,33.3,0,99
"1078","lal",34097,28,9,32.1,1,125
"1079","lal",34122,25,12,48,0,107
"1080","lal",34138,31,13,41.9,0,110
"1081","lal",34151,27,14,51.8,1,111
"1082","lal",34163,20,8,40,0,106
"1083","lal",34178,22,5,22.7,0,85
"1084","lal",34192,20,8,40,1,109
"1085","lal",34203,30,5,16.7,0,88
"1086","lal",34209,8,2,25,1,96
"1087","lal",34224,26,6,23.1,0,80
"1088","lal",34235,21,7,33.3,0,100
"1089","lal",34253,14,5,35.7,0,101
"1090","lal",34266,20,5,25,0,95
"1091","lal",34284,26,9,34.6,0,115
"1092","lal",34300,28,10,35.7,0,112
"1093","lal",34307,23,10,43.5,0,92
"1094","lal",34318,27,6,22.2,0,97
"1095","lal",34336,30,9,30,1,100
"1096","lal",34342,37,16,43.2,0,108
"1097","lal",34359,33,16,48.5,0,113
"1098","lal",34379,38,14,36.8,0,107
"1099","lal",34383,23,8,34.8,0,90
"1100","lal",34400,25,8,32,1,111
"1101","lal",34415,16,4,25,0,100
"1102","lal",34431,19,7,36.8,0,89
"1103","lal",34452,32,15,46.9,0,114
"1104","lal",34468,33,17,51.5,1,116
"1105","lal",34482,31,10,32.3,0,109
"1106","lal",34489,28,10,35.7,1,127
"1107","lal",34507,32,8,25,1,111
"1108","lal",34517,24,9,37.5,0,87
"1109","lal",34529,19,6,31.6,0,94
"1110","lal",34541,21,10,47.6,0,97
"1111","lal",34552,26,6,23.1,0,97
"1112","lal",34566,30,11,36.7,0,121
"1113","lal",34589,33,14,42.4,1,108
"1114","lal",34602,21,3,14.3,0,73
"1115","lal",34629,29,11,37.9,0,98
"1116","lal",34633,14,4,28.6,0,88
"1117","lal",34669,26,12,46.2,1,120
"1118","lal",34682,39,12,30.8,0,108
"1119","lal",34691,38,14,36.8,0,107
"1120","lal",34708,28,8,28.6,1,121
"1121","lal",34726,23,6,26.1,0,102
"1122","lal",34742,30,15,50,1,122
"1123","lal",34773,29,12,41.4,0,96
"1124","lal",34784,26,9,34.6,0,101
"1125","lal",34801,35,7,20,0,93
"1126","lal",34814,22,7,31.8,0,98
"1127","lal",34834,32,12,37.5,0,104
"1128","lal",34858,24,6,25,0,95
"1129","lal",34873,28,10,35.7,0,97
"1130","lal",34887,30,11,36.7,0,111
"1131","lal",34903,27,12,44.4,1,122
"1132","lal",34930,20,4,20,0,116
"1133","lal",34938,20,6,30,0,101
"1134","lal",34950,25,3,12,0,100
"1135","lal",34967,29,11,37.9,0,103
"1136","lal",34983,27,11,40.7,0,120
"1137","lal",34998,20,6,30,0,109
"1138","lal",35020,23,14,60.9,1,130
"1139","lal",35036,21,5,23.8,0,81
"1140","lal",35050,22,8,36.4,0,108
"1141","lal",35063,27,9,33.3,0,104
"1142","lal",35077,23,6,26.1,0,104
"1143","lal",35084,19,7,36.8,1,108
"1144","lal",35110,14,7,50,1,102
"1145","lal",35127,24,4,16.7,1,98
"1146","lal",35142,27,10,37,1,110
"1147","lal",35155,22,8,36.4,1,108
"1148","lal",35169,17,4,23.5,0,94
"1149","mem",33949,24,11,45.8,1,102
"1150","mem",33968,25,9,36,0,104
"1151","mem",33979,31,15,48.4,1,112
"1152","mem",33992,24,4,16.7,0,80
"1153","mem",34000,27,8,29.6,1,89
"1154","mem",34014,26,9,34.6,0,88
"1155","mem",34028,26,6,23.1,0,94
"1156","mem",34042,24,7,29.2,1,108
"1157","mem",34077,30,6,20,0,96
"1158","mem",34091,21,8,38.1,1,102
"1159","mem",34107,26,15,57.7,1,111
"1160","mem",34120,25,9,36,1,80
"1161","mem",34130,18,2,11.1,1,93
"1162","mem",34141,26,12,46.2,1,105
"1163","mem",34152,29,10,34.5,1,104
"1164","mem",34173,19,4,21,0,81
"1165","mem",34183,25,9,36,1,110
"1166","mem",34197,29,7,24.1,0,85
"1167","mem",34208,27,11,40.7,0,105
"1168","mem",34218,18,7,38.9,1,95
"1169","mem",34235,30,10,33.3,1,103
"1170","mem",34250,34,13,38.2,1,110
"1171","mem",34258,17,2,11.8,1,96
"1172","mem",34273,20,6,30,1,88
"1173","mem",34291,26,8,30.8,1,110
"1174","mem",34308,22,4,18.2,0,86
"1175","mem",34319,23,12,52.2,1,93
"1176","mem",34334,25,5,20,0,92
"1177","mem",34347,23,2,8.7,0,73
"1178","mem",34364,30,12,40,0,109
"1179","mem",34371,30,12,40,1,98
"1180","mem",34388,25,13,52,1,115
"1181","mem",34402,25,10,40,0,102
"1182","mem",34412,30,9,30,0,103
"1183","mem",34427,22,13,59.1,1,114
"1184","mem",34442,35,17,48.6,1,112
"1185","mem",34468,31,10,32.3,0,102
"1186","mem",34473,28,11,39.3,0,106
"1187","mem",34490,33,13,39.4,1,128
"1188","mem",34504,24,9,37.5,1,88
"1189","mem",34521,24,7,29.2,0,95
"1190","mem",34535,27,10,37,1,110
"1191","mem",34551,32,11,34.4,0,104
"1192","mem",34568,25,8,32,0,101
"1193","mem",34584,28,11,39.3,1,107
"1194","mem",34596,34,9,26.5,0,95
"1195","mem",34625,22,10,45.4,1,101
"1196","mem",34643,26,9,34.6,0,109
"1197","mem",34648,26,11,42.3,1,102
"1198","mem",34663,28,16,57.1,1,115
"1199","mem",34677,30,14,46.7,1,119
"1200","mem",34690,19,3,15.8,0,102
"1201","mem",34703,28,10,35.7,1,107
"1202","mem",34717,19,4,21,1,89
"1203","mem",34728,24,14,58.3,1,110
"1204","mem",34743,26,9,34.6,0,107
"1205","mem",34762,22,9,40.9,1,112
"1206","mem",34780,33,6,18.2,0,91
"1207","mem",34797,27,9,33.3,0,92
"1208","mem",34816,33,11,33.3,1,105
"1209","mem",34832,25,12,48,1,130
"1210","mem",34854,28,9,32.1,0,100
"1211","mem",34864,28,8,28.6,0,108
"1212","mem",34879,25,10,40,0,109
"1213","mem",34901,20,7,35,0,98
"1214","mem",34921,29,5,17.2,0,90
"1215","mem",34933,27,14,51.8,1,113
"1216","mem",34949,31,11,35.5,1,98
"1217","mem",34957,28,10,35.7,1,103
"1218","mem",34973,30,13,43.3,1,104
"1219","mem",34994,35,9,25.7,0,82
"1220","mem",35010,29,10,34.5,0,90
"1221","mem",35034,29,8,27.6,0,94
"1222","mem",35041,26,5,19.2,0,90
"1223","mem",35056,32,12,37.5,1,110
"1224","mem",35071,27,11,40.7,1,99
"1225","mem",35084,30,13,43.3,0,103
"1226","mem",35101,25,8,32,0,89
"1227","mem",35107,26,9,34.6,0,100
"1228","mem",35121,27,15,55.6,1,101
"1229","mem",35141,21,9,42.9,0,90
"1230","mem",35163,25,8,32,0,93
"1231","mia",33944,16,4,25,1,108
"1232","mia",33962,34,14,41.2,0,91
"1233","mia",33977,20,7,35,0,99
"1234","mia",33989,29,13,44.8,1,108
"1235","mia",34011,28,9,32.1,0,87
"1236","mia",34037,17,4,23.5,0,85
"1237","mia",34058,29,13,44.8,0,95
"1238","mia",34076,17,5,29.4,0,91
"1239","mia",34090,15,4,26.7,0,90
"1240","mia",34094,23,7,30.4,0,90
"1241","mia",34110,30,7,23.3,1,96
"1242","mia",34126,27,13,48.2,1,114
"1243","mia",34139,31,7,22.6,0,94
"1244","mia",34158,26,7,26.9,0,84
"1245","mia",34173,31,12,38.7,1,90
"1246","mia",34183,31,11,35.5,0,107
"1247","mia",34196,30,6,20,0,104
"1248","mia",34213,24,9,37.5,1,106
"1249","mia",34220,19,8,42.1,1,111
"1250","mia",34238,22,6,27.3,0,92
"1251","mia",34256,25,11,44,0,103
"1252","mia",34264,27,11,40.7,0,95
"1253","mia",34278,27,6,22.2,0,84
"1254","mia",34290,20,5,25,0,100
"1255","mia",34303,26,9,34.6,1,112
"1256","mia",34317,25,7,28,1,95
"1257","mia",34337,27,6,22.2,0,98
"1258","mia",34350,24,9,37.5,0,95
"1259","mia",34362,30,12,40,0,130
"1260","mia",34379,22,11,50,1,115
"1261","mia",34389,20,8,40,0,87
"1262","mia",34413,23,7,30.4,0,94
"1263","mia",34426,28,10,35.7,0,82
"1264","mia",34434,28,11,39.3,0,114
"1265","mia",34449,26,14,53.8,0,98
"1266","mia",34467,23,6,26.1,0,90
"1267","mia",34475,28,12,42.9,1,107
"1268","mia",34489,32,8,25,0,100
"1269","mia",34501,27,7,25.9,0,86
"1270","mia",34518,30,6,20,0,95
"1271","mia",34534,32,12,37.5,0,108
"1272","mia",34563,29,9,31,1,109
"1273","mia",34577,20,9,45,1,99
"1274","mia",34595,30,13,43.3,1,109
"1275","mia",34608,30,13,43.3,1,105
"1276","mia",34622,23,11,47.8,1,109
"1277","mia",34640,24,9,37.5,1,100
"1278","mia",34645,28,14,50,1,116
"1279","mia",34659,26,11,42.3,1,104
"1280","mia",34674,32,12,37.5,1,116
"1281","mia",34698,22,12,54.6,1,125
"1282","mia",34715,28,15,53.6,1,115
"1283","mia",34727,33,11,33.3,1,106
"1284","mia",34739,23,7,30.4,1,108
"1285","mia",34750,23,7,30.4,0,109
"1286","mia",34763,22,6,27.3,0,107
"1287","mia",34781,35,13,37.1,1,117
"1288","mia",34803,37,17,46,1,108
"1289","mia",34809,31,13,41.9,1,113
"1290","mia",34827,26,9,34.6,0,89
"1291","mia",34838,30,13,43.3,1,125
"1292","mia",34851,28,8,28.6,0,99
"1293","mia",34861,34,18,52.9,1,120
"1294","mia",34876,35,16,45.7,1,106
"1295","mia",34891,41,17,41.5,1,108
"1296","mia",34919,28,11,39.3,1,104
"1297","mia",34927,32,9,28.1,0,98
"1298","mia",34947,35,16,45.7,1,120
"1299","mia",34965,26,8,30.8,1,123
"1300","mia",34981,31,9,29,0,104
"1301","mia",34993,27,11,40.7,1,112
"1302","mia",35008,23,6,26.1,0,84
"1303","mia",35033,29,7,24.1,0,108
"1304","mia",35047,21,5,23.8,1,97
"1305","mia",35055,25,12,48,1,105
"1306","mia",35073,33,8,24.2,0,94
"1307","mia",35090,26,13,50,0,113
"1308","mia",35105,40,21,52.5,1,112
"1309","mia",35120,23,8,34.8,0,94
"1310","mia",35132,18,7,38.9,1,106
"1311","mia",35145,33,12,36.4,1,124
"1312","mia",35161,24,8,33.3,1,110
"1313","mil",33948,16,3,18.8,0,96
"1314","mil",33971,22,8,36.4,1,110
"1315","mil",33978,17,4,23.5,0,83
"1316","mil",33991,32,10,31.2,1,117
"1317","mil",34006,27,12,44.4,1,125
"1318","mil",34025,33,14,42.4,1,117
"1319","mil",34030,29,6,20.7,0,75
"1320","mil",34057,18,6,33.3,0,106
"1321","mil",34077,18,7,38.9,1,106
"1322","mil",34103,32,8,25,0,100
"1323","mil",34110,23,7,30.4,0,73
"1324","mil",34131,20,10,50,0,121
"1325","mil",34144,29,8,27.6,1,93
"1326","mil",34172,29,12,41.4,0,99
"1327","mil",34188,24,8,33.3,1,104
"1328","mil",34202,19,7,36.8,1,118
"1329","mil",34217,34,15,44.1,1,111
"1330","mil",34231,24,6,25,1,112
"1331","mil",34249,24,6,25,0,96
"1332","mil",34265,24,10,41.7,1,115
"1333","mil",34280,28,12,42.9,0,110
"1334","mil",34286,25,13,52,0,105
"1335","mil",34302,24,4,16.7,0,100
"1336","mil",34324,20,11,55,1,108
"1337","mil",34333,25,10,40,1,95
"1338","mil",34363,27,7,25.9,0,108
"1339","mil",34369,22,9,40.9,0,102
"1340","mil",34387,25,9,36,1,123
"1341","mil",34401,21,6,28.6,0,102
"1342","mil",34419,22,11,50,1,119
"1343","mil",34437,18,8,44.4,0,99
"1344","mil",34443,15,9,60,1,116
"1345","mil",34453,19,7,36.8,1,98
"1346","mil",34471,28,9,32.1,1,105
"1347","mil",34488,22,12,54.6,0,111
"1348","mil",34502,23,9,39.1,0,101
"1349","mil",34515,19,10,52.6,1,109
"1350","mil",34534,15,9,60,1,116
"1351","mil",34547,19,6,31.6,0,98
"1352","mil",34555,14,5,35.7,0,104
"1353","mil",34572,28,7,25,0,92
"1354","mil",34583,25,10,40,0,96
"1355","mil",34595,18,6,33.3,0,97
"1356","mil",34610,23,11,47.8,1,127
"1357","mil",34624,28,7,25,0,109
"1358","mil",34638,23,7,30.4,0,86
"1359","mil",34646,21,9,42.9,0,108
"1360","mil",34678,23,9,39.1,0,88
"1361","mil",34692,24,9,37.5,0,117
"1362","mil",34701,17,7,41.2,1,137
"1363","mil",34727,15,6,40,0,88
"1364","mil",34742,28,8,28.6,0,114
"1365","mil",34749,31,17,54.8,1,116
"1366","mil",34764,21,6,28.6,1,102
"1367","mil",34778,15,7,46.7,1,129
"1368","mil",34800,18,7,38.9,0,95
"1369","mil",34815,20,6,30,1,100
"1370","mil",34824,29,11,37.9,0,95
"1371","mil",34840,18,9,50,0,98
"1372","mil",34852,25,10,40,1,112
"1373","mil",34860,27,6,22.2,1,101
"1374","mil",34874,33,14,42.4,1,112
"1375","mil",34892,26,8,30.8,1,104
"1376","mil",34907,17,7,41.2,1,99
"1377","mil",34918,20,8,40,1,102
"1378","mil",34933,26,14,53.8,0,93
"1379","mil",34953,29,10,34.5,1,97
"1380","mil",34967,24,4,16.7,1,107
"1381","mil",34975,27,9,33.3,0,92
"1382","mil",34997,16,7,43.8,1,93
"1383","mil",35005,35,16,45.7,1,116
"1384","mil",35018,27,8,29.6,1,100
"1385","mil",35030,23,7,30.4,0,94
"1386","mil",35043,30,14,46.7,1,118
"1387","mil",35053,22,8,36.4,1,103
"1388","mil",35070,36,14,38.9,1,108
"1389","mil",35085,34,12,35.3,0,105
"1390","mil",35099,18,3,16.7,0,79
"1391","mil",35115,24,11,45.8,0,89
"1392","mil",35131,27,6,22.2,1,90
"1393","mil",35147,28,16,57.1,1,89
"1394","mil",35159,23,6,26.1,0,94
"1395","min",33949,18,6,33.3,0,98
"1396","min",33974,22,7,31.8,0,103
"1397","min",33992,20,12,60,1,116
"1398","min",34007,22,9,40.9,0,99
"1399","min",34019,19,4,21,0,92
"1400","min",34041,28,12,42.9,0,110
"1401","min",34049,23,13,56.5,1,123
"1402","min",34075,22,8,36.4,0,105
"1403","min",34082,27,13,48.2,1,125
"1404","min",34095,35,15,42.9,0,108
"1405","min",34112,25,6,24,1,110
"1406","min",34130,22,7,31.8,0,71
"1407","min",34145,24,4,16.7,0,93
"1408","min",34162,17,3,17.6,0,96
"1409","min",34176,22,7,31.8,1,98
"1410","min",34184,35,10,28.6,0,102
"1411","min",34198,19,7,36.8,0,103
"1412","min",34211,19,4,21,0,104
"1413","min",34225,28,10,35.7,0,114
"1414","min",34232,27,10,37,1,125
"1415","min",34259,20,7,35,0,91
"1416","min",34271,28,9,32.1,0,110
"1417","min",34282,16,3,18.8,0,90
"1418","min",34298,24,9,37.5,0,108
"1419","min",34310,21,6,28.6,1,99
"1420","min",34343,21,7,33.3,0,109
"1421","min",34356,19,7,36.8,1,115
"1422","min",34370,29,9,31,1,92
"1423","min",34390,32,12,37.5,0,105
"1424","min",34399,12,4,33.3,0,100
"1425","min",34408,31,15,48.4,1,104
"1426","min",34423,25,7,28,0,103
"1427","min",34437,25,13,52,1,116
"1428","min",34451,23,7,30.4,0,89
"1429","min",34461,24,7,29.2,0,91
"1430","min",34484,18,7,38.9,0,105
"1431","min",34496,20,7,35,0,92
"1432","min",34510,16,6,37.5,1,101
"1433","min",34522,23,8,34.8,1,119
"1434","min",34536,18,5,27.8,1,96
"1435","min",34548,21,5,23.8,0,87
"1436","min",34565,13,6,46.2,0,114
"1437","min",34580,16,5,31.2,1,104
"1438","min",34604,15,6,40,1,111
"1439","min",34619,17,6,35.3,1,112
"1440","min",34631,27,10,37,0,103
"1441","min",34650,20,9,45,1,129
"1442","min",34660,29,12,41.4,1,111
"1443","min",34671,21,7,33.3,0,97
"1444","min",34688,17,5,29.4,0,108
"1445","min",34703,26,10,38.5,0,99
"1446","min",34715,11,5,45.4,0,113
"1447","min",34730,19,7,36.8,1,112
"1448","min",34744,27,6,22.2,0,106
"1449","min",34756,24,6,25,1,117
"1450","min",34772,23,9,39.1,0,108
"1451","min",34782,18,6,33.3,1,112
"1452","min",34802,13,5,38.5,1,97
"1453","min",34812,26,9,34.6,0,130
"1454","min",34828,23,8,34.8,1,102
"1455","min",34843,16,8,50,1,107
"1456","min",34865,16,4,25,0,90
"1457","min",34895,20,5,25,1,107
"1458","min",34908,14,4,28.6,1,103
"1459","min",34918,13,5,38.5,0,95
"1460","min",34935,21,10,47.6,1,119
"1461","min",34946,27,8,29.6,0,104
"1462","min",34965,12,2,16.7,0,105
"1463","min",34979,25,9,36,0,109
"1464","min",34996,15,7,46.7,0,93
"1465","min",35020,21,7,33.3,0,119
"1466","min",35026,10,2,20,0,100
"1467","min",35044,20,9,45,1,115
"1468","min",35063,21,10,47.6,1,119
"1469","min",35080,25,9,36,0,117
"1470","min",35102,19,4,21,0,107
"1471","min",35118,18,4,22.2,0,98
"1472","min",35125,16,7,43.8,0,113
"1473","min",35142,16,3,18.8,0,109
"1474","min",35153,20,5,25,0,98
"1475","min",35164,23,11,47.8,0,118
"1476","min",40241,9,4,44.4,1,110
"1477","nop",33950,19,3,15.8,0,102
"1478","nop",33965,22,5,22.7,0,114
"1479","nop",33972,22,4,18.2,0,79
"1480","nop",33991,26,9,34.6,0,113
"1481","nop",34000,34,11,32.4,0,83
"1482","nop",34015,30,10,33.3,0,111
"1483","nop",34039,21,7,33.3,0,106
"1484","nop",34045,21,5,23.8,0,94
"1485","nop",34057,25,9,36,1,112
"1486","nop",34069,20,6,30,0,99
"1487","nop",34088,21,6,28.6,1,106
"1488","nop",34099,21,7,33.3,0,82
"1489","nop",34117,24,9,37.5,1,113
"1490","nop",34125,36,14,38.9,1,121
"1491","nop",34149,25,11,44,1,112
"1492","nop",34162,24,9,37.5,1,117
"1493","nop",34177,23,13,56.5,0,104
"1494","nop",34190,20,5,25,0,81
"1495","nop",34203,31,8,25.8,1,105
"1496","nop",34227,20,5,25,0,96
"1497","nop",34241,28,6,21.4,0,92
"1498","nop",34250,32,10,31.2,0,108
"1499","nop",34274,25,7,28,0,88
"1500","nop",34295,19,8,42.1,0,105
"1501","nop",34299,40,16,40,1,120
"1502","nop",34311,35,14,40,0,109
"1503","nop",34325,27,10,37,1,102
"1504","nop",34335,27,9,33.3,0,100
"1505","nop",34352,26,10,38.5,0,100
"1506","nop",34358,17,10,58.8,1,108
"1507","nop",34373,20,8,40,0,110
"1508","nop",34389,28,11,39.3,1,91
"1509","nop",34406,25,12,48,1,111
"1510","nop",34435,29,12,41.4,1,104
"1511","nop",34454,26,11,42.3,0,82
"1512","nop",34479,35,15,42.9,0,94
"1513","nop",34493,31,10,32.3,0,108
"1514","nop",34508,27,12,44.4,1,110
"1515","nop",34527,32,11,34.4,1,104
"1516","nop",34542,23,7,30.4,0,99
"1517","nop",34556,25,10,40,0,95
"1518","nop",34571,36,15,41.7,1,118
"1519","nop",34585,34,11,32.4,0,114
"1520","nop",34611,39,16,41,1,124
"1521","nop",34626,27,11,40.7,0,105
"1522","nop",34641,30,13,43.3,1,119
"1523","nop",34654,32,10,31.2,0,94
"1524","nop",34665,30,12,40,0,106
"1525","nop",34675,21,5,23.8,0,98
"1526","nop",34695,17,5,29.4,0,91
"1527","nop",34714,26,9,34.6,1,111
"1528","nop",34729,24,5,20.8,0,94
"1529","nop",34744,25,12,48,1,122
"1530","nop",34759,31,13,41.9,0,99
"1531","nop",34769,28,8,28.6,1,110
"1532","nop",34780,18,8,44.4,1,95
"1533","nop",34792,31,6,19.4,0,99
"1534","nop",34810,24,5,20.8,0,83
"1535","nop",34820,21,8,38.1,0,110
"1536","nop",34841,25,9,36,1,109
"1537","nop",34857,25,8,32,0,98
"1538","nop",34873,24,9,37.5,1,105
"1539","nop",34884,33,10,30.3,0,83
"1540","nop",34893,29,9,31,0,87
"1541","nop",34916,34,14,41.2,1,125
"1542","nop",34942,21,6,28.6,1,100
"1543","nop",34947,22,9,40.9,0,112
"1544","nop",34964,34,12,35.3,1,128
"1545","nop",34979,30,14,46.7,1,123
"1546","nop",34994,29,9,31,1,95
"1547","nop",35019,38,14,36.8,0,107
"1548","nop",35035,27,9,33.3,1,115
"1549","nop",35042,25,10,40,0,100
"1550","nop",35057,30,12,40,1,121
"1551","nop",35072,33,10,30.3,1,117
"1552","nop",35087,30,10,33.3,0,110
"1553","nop",35098,32,14,43.8,0,131
"1554","nop",35124,23,3,13,0,106
"1555","nop",35135,21,5,23.8,0,101
"1556","nop",35155,22,7,31.8,0,96
"1557","nop",35170,24,8,33.3,1,103
"1558","nop",40246,29,10,34.5,1,102
"1559","nyk",33941,27,9,33.3,0,88
"1560","nyk",33968,21,6,28.6,1,111
"1561","nyk",33990,22,7,31.8,0,89
"1562","nyk",33998,20,8,40,0,99
"1563","nyk",34013,21,9,42.9,1,117
"1564","nyk",34027,20,8,40,0,109
"1565","nyk",34046,30,10,33.3,1,110
"1566","nyk",34065,23,6,26.1,0,87
"1567","nyk",34071,23,7,30.4,0,107
"1568","nyk",34086,25,9,36,1,93
"1569","nyk",34102,25,9,36,1,105
"1570","nyk",34109,29,12,41.4,0,112
"1571","nyk",34133,27,10,37,1,104
"1572","nyk",34148,29,9,31,1,107
"1573","nyk",34168,28,11,39.3,1,113
"1574","nyk",34181,32,12,37.5,0,102
"1575","nyk",34195,19,6,31.6,0,103
"1576","nyk",34211,32,13,40.6,1,106
"1577","nyk",34225,31,12,38.7,1,118
"1578","nyk",34242,29,11,37.9,1,106
"1579","nyk",34256,25,7,28,1,114
"1580","nyk",34267,31,11,35.5,0,94
"1581","nyk",34285,29,10,34.5,1,103
"1582","nyk",34300,22,10,45.4,1,118
"1583","nyk",34312,20,7,35,0,111
"1584","nyk",34328,21,5,23.8,0,90
"1585","nyk",34344,23,8,34.8,0,114
"1586","nyk",34361,23,13,56.5,1,118
"1587","nyk",34378,20,9,45,1,106
"1588","nyk",34396,23,8,34.8,0,114
"1589","nyk",34418,27,7,25.9,0,98
"1590","nyk",34435,23,7,30.4,0,92
"1591","nyk",34445,32,10,31.2,0,122
"1592","nyk",34456,21,8,38.1,0,103
"1593","nyk",34471,28,13,46.4,0,104
"1594","nyk",34488,23,13,56.5,1,116
"1595","nyk",34492,31,12,38.7,0,109
"1596","nyk",34508,29,11,37.9,0,96
"1597","nyk",34520,22,4,18.2,0,97
"1598","nyk",34528,23,7,30.4,1,104
"1599","nyk",34546,29,12,41.4,0,101
"1600","nyk",34553,26,8,30.8,0,107
"1601","nyk",34570,25,10,40,1,117
"1602","nyk",34578,24,7,29.2,0,110
"1603","nyk",34594,21,11,52.4,0,105
"1604","nyk",34612,22,8,36.4,1,109
"1605","nyk",34628,23,7,30.4,0,95
"1606","nyk",34639,27,9,33.3,1,110
"1607","nyk",34651,51,18,35.3,0,139
"1608","nyk",34664,24,5,20.8,0,101
"1609","nyk",34673,27,6,22.2,1,95
"1610","nyk",34699,31,12,38.7,0,104
"1611","nyk",34708,21,7,33.3,0,107
"1612","nyk",34731,27,8,29.6,0,115
"1613","nyk",34740,38,16,42.1,0,123
"1614","nyk",34757,14,9,64.3,1,94
"1615","nyk",34785,21,11,52.4,0,105
"1616","nyk",34793,26,8,30.8,0,104
"1617","nyk",34808,21,6,28.6,1,110
"1618","nyk",34822,24,9,37.5,0,91
"1619","nyk",34835,29,8,27.6,1,101
"1620","nyk",34849,21,7,33.3,0,102
"1621","nyk",34868,22,7,31.8,0,105
"1622","nyk",34875,14,6,42.9,1,113
"1623","nyk",34892,20,7,35,0,93
"1624","nyk",34915,30,13,43.3,0,92
"1625","nyk",34926,23,8,34.8,0,112
"1626","nyk",34941,28,9,32.1,1,87
"1627","nyk",34956,16,3,18.8,0,110
"1628","nyk",34990,24,6,25,0,105
"1629","nyk",35006,21,9,42.9,0,101
"1630","nyk",35011,22,5,22.7,0,95
"1631","nyk",35025,10,3,30,0,98
"1632","nyk",35038,21,7,33.3,1,109
"1633","nyk",35055,25,5,20,0,88
"1634","nyk",35073,16,6,37.5,1,98
"1635","nyk",35082,25,7,28,0,94
"1636","nyk",35100,23,6,26.1,1,100
"1637","nyk",35116,20,7,35,0,103
"1638","nyk",35121,28,6,21.4,0,88
"1639","nyk",35136,28,9,32.1,0,97
"1640","nyk",35160,22,9,40.9,1,114
"1641","okl",33951,22,6,27.3,1,103
"1642","okl",33961,21,5,23.8,1,113
"1643","okl",33980,26,9,34.6,1,113
"1644","okl",34004,20,5,25,1,85
"1645","okl",34009,27,10,37,0,96
"1646","okl",34019,16,7,43.8,1,112
"1647","okl",34037,28,9,32.1,1,97
"1648","okl",34052,34,12,35.3,0,102
"1649","okl",34066,28,16,57.1,0,108
"1650","okl",34081,25,7,28,0,117
"1651","okl",34087,27,5,18.5,0,88
"1652","okl",34104,25,12,48,1,105
"1653","okl",34118,26,7,26.9,1,124
"1654","okl",34135,36,10,27.8,0,111
"1655","okl",34151,27,11,40.7,0,109
"1656","okl",34164,25,7,28,0,101
"1657","okl",34175,26,13,50,1,132
"1658","okl",34182,23,8,34.8,1,106
"1659","okl",34195,22,8,36.4,1,112
"1660","okl",34210,30,12,40,1,126
"1661","okl",34241,28,6,21.4,1,101
"1662","okl",34247,31,10,32.3,1,102
"1663","okl",34281,28,7,25,0,99
"1664","okl",34297,21,3,14.3,1,99
"1665","okl",34313,27,8,29.6,0,95
"1666","okl",34322,19,6,31.6,0,89
"1667","okl",34339,16,7,43.8,1,114
"1668","okl",34355,35,10,28.6,0,108
"1669","okl",34373,28,11,39.3,1,121
"1670","okl",34385,26,11,42.3,1,117
"1671","okl",34399,24,8,33.3,1,112
"1672","okl",34413,19,5,26.3,1,106
"1673","okl",34427,22,4,18.2,0,80
"1674","okl",34447,29,10,34.5,1,114
"1675","okl",34453,27,9,33.3,0,94
"1676","okl",34469,30,9,30,0,112
"1677","okl",34480,30,12,40,0,116
"1678","okl",34495,36,12,33.3,1,121
"1679","okl",34509,24,7,29.2,1,109
"1680","okl",34521,26,8,30.8,1,103
"1681","okl",34536,20,3,15,0,86
"1682","okl",34550,28,9,32.1,1,122
"1683","okl",34561,30,10,33.3,0,98
"1684","okl",34574,28,8,28.6,0,100
"1685","okl",34613,20,6,30,1,97
"1686","okl",34626,27,10,37,1,114
"1687","okl",34630,22,9,40.9,1,109
"1688","okl",34652,26,6,23.1,0,91
"1689","okl",34667,28,7,25,0,94
"1690","okl",34680,37,10,27,0,100
"1691","okl",34690,26,13,50,1,114
"1692","okl",34707,18,4,22.2,1,105
"1693","okl",34710,28,7,25,0,90
"1694","okl",34736,27,8,29.6,1,118
"1695","okl",34752,24,6,25,0,114
"1696","okl",34760,34,7,20.6,0,98
"1697","okl",34785,23,12,52.2,1,116
"1698","okl",34801,24,10,41.7,1,110
"1699","okl",34820,21,6,28.6,1,118
"1700","okl",34833,22,15,68.2,1,109
"1701","okl",34848,29,11,37.9,0,109
"1702","okl",34856,35,9,25.7,0,111
"1703","okl",34872,22,2,9.1,0,89
"1704","okl",34886,25,10,40,0,121
"1705","okl",34902,20,6,30,1,102
"1706","okl",34913,23,8,34.8,1,112
"1707","okl",34940,22,10,45.4,1,122
"1708","okl",34955,25,14,56,1,123
"1709","okl",34968,26,10,38.5,1,110
"1710","okl",34989,21,4,19,0,95
"1711","okl",35002,16,4,25,1,122
"1712","okl",35031,30,11,36.7,0,125
"1713","okl",35040,23,6,26.1,1,92
"1714","okl",35052,33,10,30.3,1,114
"1715","okl",35075,21,6,28.6,0,95
"1716","okl",35083,31,12,38.7,0,101
"1717","okl",35099,28,9,32.1,1,110
"1718","okl",35107,31,14,45.2,1,103
"1719","okl",35126,31,7,22.6,0,99
"1720","okl",35138,25,6,24,1,106
"1721","okl",35153,22,7,31.8,1,100
"1722","okl",35165,25,8,32,0,105
"1723","orl",33944,18,6,33.3,0,96
"1724","orl",33960,26,8,30.8,0,82
"1725","orl",33969,28,8,28.6,0,99
"1726","orl",33986,25,6,24,1,103
"1727","orl",34005,30,10,33.3,1,102
"1728","orl",34021,28,9,32.1,1,88
"1729","orl",34036,30,9,30,0,80
"1730","orl",34049,24,8,33.3,0,107
"1731","orl",34064,20,8,40,0,74
"1732","orl",34081,24,11,45.8,1,119
"1733","orl",34085,25,5,20,0,69
"1734","orl",34099,27,10,37,1,89
"1735","orl",34127,21,8,38.1,1,95
"1736","orl",34144,25,7,28,0,89
"1737","orl",34154,25,7,28,0,87
"1738","orl",34166,23,7,30.4,0,91
"1739","orl",34188,28,7,25,0,96
"1740","orl",34204,15,6,40,1,95
"1741","orl",34218,24,6,25,0,94
"1742","orl",34222,26,13,50,1,105
"1743","orl",34240,23,7,30.4,1,98
"1744","orl",34255,26,12,46.2,1,124
"1745","orl",34262,26,11,42.3,0,87
"1746","orl",34277,34,9,26.5,0,88
"1747","orl",34287,27,11,40.7,0,113
"1748","orl",34309,34,15,44.1,1,131
"1749","orl",34316,33,14,42.4,0,108
"1750","orl",34330,29,7,24.1,1,118
"1751","orl",34349,21,3,14.3,0,79
"1752","orl",34362,22,11,50,1,136
"1753","orl",34378,27,5,18.5,0,95
"1754","orl",34383,27,11,40.7,1,109
"1755","orl",34402,26,13,50,1,112
"1756","orl",34417,34,9,26.5,0,101
"1757","orl",34450,38,10,26.3,0,104
"1758","orl",34456,31,15,48.4,1,115
"1759","orl",34470,28,9,32.1,0,92
"1760","orl",34485,23,8,34.8,0,93
"1761","orl",34507,26,7,26.9,0,95
"1762","orl",34524,27,6,22.2,0,96
"1763","orl",34538,18,10,55.6,1,115
"1764","orl",34545,34,12,35.3,0,107
"1765","orl",34557,25,8,32,0,112
"1766","orl",34571,32,11,34.4,0,98
"1767","orl",34583,28,8,28.6,1,112
"1768","orl",34601,28,7,25,0,98
"1769","orl",34617,22,7,31.8,0,92
"1770","orl",34637,25,9,36,0,98
"1771","orl",34655,23,10,43.5,1,114
"1772","orl",34660,35,10,28.6,0,105
"1773","orl",34670,24,6,25,0,88
"1774","orl",34686,14,5,35.7,1,102
"1775","orl",34696,27,7,25.9,0,86
"1776","orl",34720,25,6,24,0,104
"1777","orl",34735,21,10,47.6,0,111
"1778","orl",34754,23,3,13,0,80
"1779","orl",34763,14,8,57.1,1,116
"1780","orl",34774,18,4,22.2,0,79
"1781","orl",34790,22,7,31.8,0,103
"1782","orl",34807,27,8,29.6,1,105
"1783","orl",34835,25,5,20,0,90
"1784","orl",34851,17,5,29.4,1,110
"1785","orl",34870,35,14,40,0,114
"1786","orl",34875,32,9,28.1,0,105
"1787","orl",34889,25,7,28,1,98
"1788","orl",34905,27,5,18.5,0,81
"1789","orl",34917,21,4,19,0,104
"1790","orl",34937,34,13,38.2,0,115
"1791","orl",34959,27,7,25.9,0,92
"1792","orl",34966,23,7,30.4,1,109
"1793","orl",34985,23,4,17.4,1,112
"1794","orl",34999,40,14,35,0,102
"1795","orl",35014,26,12,46.2,1,115
"1796","orl",35037,20,4,20,0,112
"1797","orl",35052,30,9,30,0,106
"1798","orl",35069,30,12,40,0,116
"1799","orl",35079,25,10,40,0,111
"1800","orl",35096,33,11,33.3,0,102
"1801","orl",35114,25,9,36,1,115
"1802","orl",35130,30,14,46.7,0,112
"1803","orl",35146,27,5,18.5,0,75
"1804","orl",35157,25,13,52,1,113
"1805","phi",33951,24,7,29.2,0,97
"1806","phi",33966,18,5,27.8,0,72
"1807","phi",33986,20,9,45,0,101
"1808","phi",33996,38,12,31.6,0,93
"1809","phi",34020,38,14,36.8,0,101
"1810","phi",34033,21,7,33.3,0,84
"1811","phi",34050,36,14,38.9,0,115
"1812","phi",34061,32,11,34.4,1,109
"1813","phi",34072,29,11,37.9,0,96
"1814","phi",34089,22,5,22.7,0,88
"1815","phi",34098,28,10,35.7,1,109
"1816","phi",34112,32,9,28.1,0,86
"1817","phi",34129,35,17,48.6,1,120
"1818","phi",34139,26,11,42.3,1,101
"1819","phi",34152,36,12,33.3,0,99
"1820","phi",34169,22,9,40.9,0,89
"1821","phi",34185,34,15,44.1,0,108
"1822","phi",34194,34,14,41.2,0,95
"1823","phi",34222,32,9,28.1,0,88
"1824","phi",34234,33,15,45.4,0,106
"1825","phi",34244,31,11,35.5,0,98
"1826","phi",34258,41,14,34.2,0,91
"1827","phi",34274,40,12,30,1,99
"1828","phi",34296,17,7,41.2,1,97
"1829","phi",34314,29,9,31,0,114
"1830","phi",34336,31,6,19.4,0,89
"1831","phi",34348,28,12,42.9,1,108
"1832","phi",34358,33,11,33.3,0,93
"1833","phi",34393,31,13,41.9,0,116
"1834","phi",34411,25,9,36,0,100
"1835","phi",34429,24,6,25,0,83
"1836","phi",34440,33,16,48.5,1,124
"1837","phi",34461,32,7,21.9,1,93
"1838","phi",34486,28,9,32.1,0,106
"1839","phi",34500,27,8,29.6,1,105
"1840","phi",34520,28,7,25,1,98
"1841","phi",34532,38,14,36.8,1,102
"1842","phi",34544,31,10,32.3,0,93
"1843","phi",34555,37,14,37.8,1,113
"1844","phi",34567,24,8,33.3,1,94
"1845","phi",34581,29,12,41.4,1,93
"1846","phi",34593,29,12,41.4,0,93
"1847","phi",34615,29,10,34.5,1,121
"1848","phi",34624,26,12,46.2,1,114
"1849","phi",34634,25,10,40,0,118
"1850","phi",34656,28,10,35.7,0,108
"1851","phi",34676,22,6,27.3,0,95
"1852","phi",34684,25,9,36,0,86
"1853","phi",34698,23,6,26.1,0,102
"1854","phi",34713,28,5,17.9,0,96
"1855","phi",34722,34,13,38.2,0,103
"1856","phi",34735,28,11,39.3,1,112
"1857","phi",34750,25,9,36,1,117
"1858","phi",34761,33,12,36.4,1,105
"1859","phi",34776,31,8,25.8,0,108
"1860","phi",34796,29,10,34.5,1,120
"1861","phi",34808,31,7,22.6,0,109
"1862","phi",34823,34,10,29.4,0,108
"1863","phi",34838,17,6,35.3,0,98
"1864","phi",34849,28,9,32.1,1,105
"1865","phi",34859,34,14,41.2,0,106
"1866","phi",34874,30,8,26.7,0,98
"1867","phi",34904,29,11,37.9,0,108
"1868","phi",34914,30,10,33.3,0,100
"1869","phi",34930,24,10,41.7,1,118
"1870","phi",34943,27,8,29.6,0,104
"1871","phi",34960,29,12,41.4,1,116
"1872","phi",34977,33,12,36.4,1,105
"1873","phi",34985,34,9,26.5,0,109
"1874","phi",35002,25,8,32,0,97
"1875","phi",35017,25,8,32,1,117
"1876","phi",35032,41,14,34.2,0,94
"1877","phi",35045,33,10,30.3,1,106
"1878","phi",35051,39,11,28.2,0,92
"1879","phi",35068,33,11,33.3,0,105
"1880","phi",35088,36,11,30.6,0,105
"1881","phi",35094,38,12,31.6,0,118
"1882","phi",35113,33,7,21.2,0,90
"1883","phi",35131,31,8,25.8,0,82
"1884","phi",35143,33,13,39.4,0,111
"1885","phi",35160,23,7,30.4,0,113
"1886","phi",40227,31,11,35.5,1,122
"1887","phx",33952,16,4,25,0,94
"1888","phx",33961,28,5,17.9,0,110
"1889","phx",33976,23,8,34.8,0,100
"1890","phx",33985,15,5,33.3,0,98
"1891","phx",34003,16,5,31.2,1,118
"1892","phx",34015,24,8,33.3,1,112
"1893","phx",34032,20,6,30,0,108
"1894","phx",34043,21,7,33.3,0,121
"1895","phx",34053,22,8,36.4,1,107
"1896","phx",34079,33,8,24.2,0,104
"1897","phx",34083,24,8,33.3,0,120
"1898","phx",34106,20,8,40,0,104
"1899","phx",34115,26,9,34.6,1,116
"1900","phx",34129,21,6,28.6,0,105
"1901","phx",34140,27,11,40.7,0,101
"1902","phx",34154,22,9,40.9,1,92
"1903","phx",34176,26,6,23.1,0,85
"1904","phx",34186,25,11,44,0,114
"1905","phx",34214,21,10,47.6,1,109
"1906","phx",34239,32,11,34.4,0,109
"1907","phx",34260,18,6,33.3,0,105
"1908","phx",34269,33,9,27.3,0,94
"1909","phx",34284,30,13,43.3,1,119
"1910","phx",34299,41,14,34.2,0,119
"1911","phx",34312,30,9,30,1,113
"1912","phx",34339,22,8,36.4,0,101
"1913","phx",34356,21,9,42.9,0,108
"1914","phx",34375,25,9,36,0,111
"1915","phx",34393,26,12,46.2,1,123
"1916","phx",34407,30,7,23.3,0,115
"1917","phx",34422,16,7,43.8,0,98
"1918","phx",34430,21,9,42.9,1,99
"1919","phx",34446,17,7,41.2,0,86
"1920","phx",34459,15,2,13.3,0,98
"1921","phx",34467,23,9,39.1,1,99
"1922","phx",34481,17,7,41.2,1,102
"1923","phx",34505,27,9,33.3,0,116
"1924","phx",34530,18,10,55.6,0,108
"1925","phx",34543,21,8,38.1,1,108
"1926","phx",34560,22,5,22.7,0,101
"1927","phx",34576,19,4,21,0,103
"1928","phx",34594,24,9,37.5,1,107
"1929","phx",34603,22,9,40.9,1,115
"1930","phx",34619,19,7,36.8,0,111
"1931","phx",34632,24,10,41.7,0,120
"1932","phx",34649,21,6,28.6,0,112
"1933","phx",34663,19,5,26.3,0,96
"1934","phx",34679,20,7,35,0,114
"1935","phx",34693,29,12,41.4,1,105
"1936","phx",34701,28,11,39.3,0,112
"1937","phx",34714,27,5,18.5,0,106
"1938","phx",34728,23,5,21.7,0,91
"1939","phx",34746,19,8,42.1,1,115
"1940","phx",34753,22,8,36.4,0,102
"1941","phx",34769,23,8,34.8,0,108
"1942","phx",34784,24,10,41.7,1,137
"1943","phx",34799,24,8,33.3,0,121
"1944","phx",34815,14,5,35.7,0,96
"1945","phx",34832,21,7,33.3,0,112
"1946","phx",34847,19,7,36.8,1,120
"1947","phx",34856,21,5,23.8,1,118
"1948","phx",34869,20,4,20,1,109
"1949","phx",34888,27,13,48.2,0,127
"1950","phx",34903,19,6,31.6,0,110
"1951","phx",34922,20,6,30,1,100
"1952","phx",34928,14,5,35.7,0,101
"1953","phx",34952,25,6,24,0,101
"1954","phx",34966,14,2,14.3,0,103
"1955","phx",34978,22,6,27.3,0,95
"1956","phx",34993,16,4,25,0,97
"1957","phx",35007,25,7,28,0,98
"1958","phx",35016,19,6,31.6,0,120
"1959","phx",35027,16,6,37.5,0,106
"1960","phx",35046,31,7,22.6,0,91
"1961","phx",35064,23,7,30.4,0,118
"1962","phx",35081,10,3,30,0,117
"1963","phx",35093,34,8,23.5,0,116
"1964","phx",35111,27,7,25.9,0,111
"1965","phx",35126,18,8,44.4,1,120
"1966","phx",35139,19,8,42.1,1,124
"1967","phx",35156,30,8,26.7,0,104
"1968","phx",40235,27,10,37,0,92
"1969","por",33942,19,13,68.4,1,113
"1970","por",33957,18,4,22.2,0,106
"1971","por",33973,32,10,31.2,1,115
"1972","por",33994,39,14,35.9,0,104
"1973","por",34003,33,12,36.4,0,115
"1974","por",34016,31,12,38.7,1,105
"1975","por",34028,33,14,42.4,1,100
"1976","por",34043,31,14,45.2,1,124
"1977","por",34055,30,6,20,0,80
"1978","por",34068,33,13,39.4,1,122
"1979","por",34084,29,8,27.6,1,112
"1980","por",34096,34,9,26.5,0,88
"1981","por",34111,28,10,35.7,0,109
"1982","por",34117,34,12,35.3,0,101
"1983","por",34134,36,15,41.7,1,129
"1984","por",34148,22,6,27.3,0,103
"1985","por",34155,29,13,44.8,0,125
"1986","por",34177,32,12,37.5,1,119
"1987","por",34191,33,12,36.4,0,114
"1988","por",34215,32,12,37.5,1,131
"1989","por",34238,24,9,37.5,1,99
"1990","por",34248,24,9,37.5,1,112
"1991","por",34265,40,17,42.5,0,107
"1992","por",34273,28,7,25,0,86
"1993","por",34288,37,16,43.2,0,111
"1994","por",34306,21,10,47.6,0,120
"1995","por",34313,23,8,34.8,1,114
"1996","por",34326,23,8,34.8,0,120
"1997","por",34345,28,8,28.6,0,90
"1998","por",34368,28,4,14.3,0,121
"1999","por",34376,27,10,37,0,95
"2000","por",34394,30,12,40,0,90
"2001","por",34409,23,8,34.8,0,91
"2002","por",34424,25,12,48,1,102
"2003","por",34439,20,6,30,0,94
"2004","por",34451,22,6,27.3,1,95
"2005","por",34474,26,12,46.2,0,117
"2006","por",34482,33,12,36.4,1,118
"2007","por",34499,35,15,42.9,0,124
"2008","por",34517,21,7,33.3,1,108
"2009","por",34525,30,10,33.3,1,102
"2010","por",34538,34,10,29.4,0,109
"2011","por",34554,26,8,30.8,0,101
"2012","por",34569,31,8,25.8,0,85
"2013","por",34581,19,6,31.6,0,92
"2014","por",34590,25,10,40,1,127
"2015","por",34629,15,4,26.7,1,105
"2016","por",34643,35,16,45.7,1,112
"2017","por",34658,27,10,37,0,111
"2018","por",34668,31,11,35.5,1,115
"2019","por",34694,30,9,30,0,104
"2020","por",34707,28,10,35.7,0,99
"2021","por",34721,28,11,39.3,1,114
"2022","por",34738,26,9,34.6,0,111
"2023","por",34770,42,16,38.1,0,104
"2024","por",34783,22,9,40.9,0,88
"2025","por",34790,19,9,47.4,1,112
"2026","por",34818,21,9,42.9,0,106
"2027","por",34830,25,10,40,0,113
"2028","por",34848,25,10,40,1,114
"2029","por",34866,25,16,64,1,130
"2030","por",34886,23,11,47.8,1,126
"2031","por",34904,21,6,28.6,1,114
"2032","por",34923,32,16,50,0,124
"2033","por",34928,22,7,31.8,1,110
"2034","por",34942,32,11,34.4,0,77
"2035","por",34951,22,9,40.9,1,110
"2036","por",34969,18,8,44.4,1,113
"2037","por",34981,26,13,50,1,115
"2038","por",34997,21,4,19,0,90
"2039","por",35011,21,11,52.4,1,110
"2040","por",35026,22,11,50,1,112
"2041","por",35036,28,12,42.9,1,97
"2042","por",35049,27,8,29.6,1,122
"2043","por",35065,33,13,39.4,1,117
"2044","por",35081,37,15,40.5,1,130
"2045","por",35104,26,6,23.1,0,87
"2046","por",35118,33,14,42.4,1,105
"2047","por",35134,30,13,43.3,1,101
"2048","por",35149,28,12,42.9,1,99
"2049","por",35170,30,13,43.3,0,100
"2050","por",40241,32,11,34.4,0,109
"2051","sac",33952,21,6,28.6,1,113
"2052","sac",33956,20,6,30,0,94
"2053","sac",33974,26,9,34.6,1,106
"2054","sac",33984,23,10,43.5,0,95
"2055","sac",33989,23,5,21.7,0,96
"2056","sac",34005,18,7,38.9,0,94
"2057","sac",34025,28,10,35.7,0,91
"2058","sac",34029,16,5,31.2,1,96
"2059","sac",34045,25,8,32,1,102
"2060","sac",34060,21,8,38.1,0,91
"2061","sac",34068,21,6,28.6,0,120
"2062","sac",34108,20,9,45,0,105
"2063","sac",34123,26,10,38.5,0,115
"2064","sac",34136,27,11,40.7,1,102
"2065","sac",34164,28,12,42.9,1,116
"2066","sac",34179,32,9,28.1,0,104
"2067","sac",34187,23,13,56.5,1,122
"2068","sac",34193,21,3,14.3,0,95
"2069","sac",34223,26,6,23.1,0,92
"2070","sac",34242,28,9,32.1,0,98
"2071","sac",34268,22,10,45.4,1,120
"2072","sac",34285,28,7,25,0,100
"2073","sac",34294,26,9,34.6,0,84
"2074","sac",34307,23,10,43.5,1,116
"2075","sac",34320,32,11,34.4,0,98
"2076","sac",34334,24,7,29.2,1,96
"2077","sac",34351,31,8,25.8,0,79
"2078","sac",34368,23,10,43.5,1,126
"2079","sac",34374,21,10,47.6,1,94
"2080","sac",34390,29,15,51.7,1,109
"2081","sac",34411,25,7,28,1,102
"2082","sac",34424,28,9,32.1,0,89
"2083","sac",34442,28,11,39.3,0,98
"2084","sac",34466,29,11,37.9,1,120
"2085","sac",34475,20,8,40,0,102
"2086","sac",34491,30,9,30,0,98
"2087","sac",34506,28,11,39.3,0,106
"2088","sac",34519,23,13,56.5,1,100
"2089","sac",34539,25,9,36,0,108
"2090","sac",34550,24,9,37.5,0,118
"2091","sac",34575,21,9,42.9,0,100
"2092","sac",34584,29,6,20.7,0,91
"2093","sac",34600,26,9,34.6,0,99
"2094","sac",34609,21,9,42.9,1,109
"2095","sac",34620,31,11,35.5,1,116
"2096","sac",34635,26,13,50,0,111
"2097","sac",34644,27,11,40.7,1,109
"2098","sac",34666,29,8,27.6,0,83
"2099","sac",34693,27,10,37,0,103
"2100","sac",34704,23,7,30.4,1,109
"2101","sac",34718,28,11,39.3,0,107
"2102","sac",34733,25,10,40,1,108
"2103","sac",34747,36,18,50,1,108
"2104","sac",34759,31,11,35.5,1,105
"2105","sac",34773,24,7,29.2,1,97
"2106","sac",34787,24,7,29.2,0,86
"2107","sac",34795,14,7,50,1,116
"2108","sac",34806,28,11,39.3,0,85
"2109","sac",34828,17,6,35.3,0,88
"2110","sac",34845,22,11,50,0,100
"2111","sac",34871,17,8,47.1,0,109
"2112","sac",34883,16,6,37.5,0,96
"2113","sac",34897,19,7,36.8,0,104
"2114","sac",34912,22,12,54.6,0,122
"2115","sac",34924,23,8,34.8,0,92
"2116","sac",34937,30,16,53.3,1,120
"2117","sac",34952,14,6,42.9,1,107
"2118","sac",34968,21,5,23.8,0,94
"2119","sac",34982,10,7,70,0,102
"2120","sac",35005,26,10,38.5,0,98
"2121","sac",35021,21,10,47.6,0,100
"2122","sac",35029,28,13,46.4,1,98
"2123","sac",35041,25,6,24,1,91
"2124","sac",35060,15,2,13.3,0,82
"2125","sac",35072,19,6,31.6,0,89
"2126","sac",35080,19,11,57.9,1,123
"2127","sac",35103,22,12,54.6,1,98
"2128","sac",35127,20,8,40,0,94
"2129","sac",35140,31,9,29,0,128
"2130","sac",35156,19,9,47.4,1,129
"2131","sac",35168,11,5,45.4,0,95
"2132","sac",40227,29,13,44.8,0,119
"2133","sas",33943,24,12,50,1,129
"2134","sas",33956,18,6,33.3,1,102
"2135","sas",33972,24,10,41.7,1,98
"2136","sas",33977,18,10,55.6,1,106
"2137","sas",33993,20,6,30,0,91
"2138","sas",34017,20,6,30,1,100
"2139","sas",34026,25,10,40,0,92
"2140","sas",34054,23,7,30.4,0,99
"2141","sas",34067,20,9,45,1,96
"2142","sas",34074,18,5,27.8,1,106
"2143","sas",34090,15,8,53.3,1,94
"2144","sas",34108,30,11,36.7,1,110
"2145","sas",34122,24,10,41.7,1,116
"2146","sas",34146,20,8,40,1,96
"2147","sas",34153,31,13,41.9,1,119
"2148","sas",34165,24,11,45.8,1,109
"2149","sas",34180,24,9,37.5,1,112
"2150","sas",34204,20,5,25,0,83
"2151","sas",34212,19,11,57.9,1,94
"2152","sas",34229,20,8,40,1,107
"2153","sas",34249,28,8,28.6,1,97
"2154","sas",34259,24,11,45.8,1,105
"2155","sas",34276,28,9,32.1,0,91
"2156","sas",34293,26,14,53.8,1,130
"2157","sas",34323,22,8,36.4,1,108
"2158","sas",34352,22,11,50,1,113
"2159","sas",34365,23,12,52.2,1,102
"2160","sas",34381,19,6,31.6,0,101
"2161","sas",34394,20,12,60,1,110
"2162","sas",34398,18,9,50,1,119
"2163","sas",34422,17,5,29.4,1,119
"2164","sas",34439,22,11,50,1,110
"2165","sas",34448,27,9,33.3,0,112
"2166","sas",34465,24,13,54.2,1,110
"2167","sas",34483,24,12,50,1,127
"2168","sas",34498,34,13,38.2,1,102
"2169","sas",34515,30,12,40,0,107
"2170","sas",34529,21,10,47.6,1,134
"2171","sas",34543,20,9,45,0,105
"2172","sas",34565,18,8,44.4,1,122
"2173","sas",34579,22,9,40.9,1,118
"2174","sas",34597,26,10,38.5,1,118
"2175","sas",34606,22,9,40.9,1,112
"2176","sas",34614,24,7,29.2,1,108
"2177","sas",34641,28,12,42.9,0,103
"2178","sas",34657,22,8,36.4,0,101
"2179","sas",34667,21,7,33.3,1,108
"2180","sas",34684,21,6,28.6,1,102
"2181","sas",34702,21,10,47.6,1,121
"2182","sas",34717,19,4,21,0,74
"2183","sas",34722,22,11,50,1,111
"2184","sas",34741,19,9,47.4,1,103
"2185","sas",34757,29,6,20.7,0,90
"2186","sas",34765,15,7,46.7,1,110
"2187","sas",34774,31,8,25.8,1,107
"2188","sas",34805,26,9,34.6,1,105
"2189","sas",34814,21,10,47.6,1,119
"2190","sas",34842,29,9,31,1,100
"2191","sas",34857,27,6,22.2,1,101
"2192","sas",34865,24,6,25,1,97
"2193","sas",34882,27,11,40.7,1,112
"2194","sas",34897,29,14,48.3,1,114
"2195","sas",34902,19,6,31.6,0,92
"2196","sas",34920,27,12,44.4,1,107
"2197","sas",34934,34,16,47.1,1,107
"2198","sas",34951,26,11,42.3,0,106
"2199","sas",34973,28,9,32.1,0,96
"2200","sas",34982,28,11,39.3,1,118
"2201","sas",34996,24,8,33.3,1,100
"2202","sas",35010,26,8,30.8,1,97
"2203","sas",35025,25,10,40,1,106
"2204","sas",35039,26,7,26.9,1,103
"2205","sas",35058,24,9,37.5,0,98
"2206","sas",35075,27,9,33.3,1,100
"2207","sas",35086,19,10,52.6,1,109
"2208","sas",35101,21,11,52.4,1,95
"2209","sas",35110,35,13,37.1,0,95
"2210","sas",35123,28,9,32.1,1,102
"2211","sas",35133,22,8,36.4,0,87
"2212","sas",35149,21,8,38.1,0,98
"2213","sas",35167,21,8,38.1,0,97
"2214","sas",40235,16,5,31.2,1,107
"2215","tor",33947,18,3,16.7,1,109
"2216","tor",33958,16,4,25,0,91
"2217","tor",33982,16,4,25,1,105
"2218","tor",33995,25,10,40,1,113
"2219","tor",34011,25,6,24,1,96
"2220","tor",34029,30,7,23.3,0,91
"2221","tor",34052,26,11,42.3,1,112
"2222","tor",34063,22,6,27.3,1,113
"2223","tor",34071,22,7,31.8,1,118
"2224","tor",34093,29,13,44.8,0,117
"2225","tor",34105,25,10,40,0,121
"2226","tor",34121,23,8,34.8,1,113
"2227","tor",34136,24,9,37.5,0,99
"2228","tor",34147,19,8,42.1,0,115
"2229","tor",34159,23,12,52.2,1,115
"2230","tor",34172,32,14,43.8,1,105
"2231","tor",34194,19,13,68.4,1,122
"2232","tor",34208,32,16,50,1,120
"2233","tor",34224,29,12,41.4,1,113
"2234","tor",34233,24,13,54.2,1,128
"2235","tor",34245,32,13,40.6,0,112
"2236","tor",34271,27,12,44.4,1,124
"2237","tor",34279,20,9,45,1,101
"2238","tor",34302,25,14,56,1,122
"2239","tor",34314,29,10,34.5,1,123
"2240","tor",34332,21,10,47.6,0,121
"2241","tor",34349,27,7,25.9,1,109
"2242","tor",34360,18,8,44.4,1,116
"2243","tor",34392,21,8,38.1,1,104
"2244","tor",34409,34,12,35.3,1,95
"2245","tor",34425,35,13,37.1,0,111
"2246","tor",34430,27,7,25.9,0,91
"2247","tor",34452,17,10,58.8,1,123
"2248","tor",34465,18,4,22.2,0,82
"2249","tor",34477,21,8,38.1,1,101
"2250","tor",34494,31,8,25.8,0,118
"2251","tor",34503,25,11,44,0,122
"2252","tor",34512,22,10,45.4,1,114
"2253","tor",34533,28,11,39.3,1,132
"2254","tor",34546,22,8,36.4,1,116
"2255","tor",34562,19,10,52.6,1,119
"2256","tor",34567,24,6,25,0,89
"2257","tor",34582,30,7,23.3,0,78
"2258","tor",34603,27,7,25.9,0,103
"2259","tor",34614,25,6,24,0,106
"2260","tor",34625,34,10,29.4,0,99
"2261","tor",34638,25,10,40,1,102
"2262","tor",34655,28,12,42.9,0,113
"2263","tor",34665,31,10,32.3,1,108
"2264","tor",34672,31,8,25.8,0,104
"2265","tor",34686,28,10,35.7,0,94
"2266","tor",34705,19,5,26.3,1,103
"2267","tor",34711,24,10,41.7,1,118
"2268","tor",34730,28,11,39.3,0,109
"2269","tor",34758,16,8,50,0,101
"2270","tor",34771,20,5,25,0,94
"2271","tor",34777,32,12,37.5,1,90
"2272","tor",34798,15,5,33.3,1,107
"2273","tor",34818,20,7,35,1,112
"2274","tor",34822,26,7,26.9,1,92
"2275","tor",34836,20,7,35,0,96
"2276","tor",34850,25,11,44,1,114
"2277","tor",34860,21,7,33.3,0,94
"2278","tor",34893,21,8,38.1,1,94
"2279","tor",34909,25,4,16,0,99
"2280","tor",34919,15,2,13.3,0,89
"2281","tor",34932,25,9,36,1,100
"2282","tor",34955,20,5,25,0,102
"2283","tor",34963,27,9,33.3,1,87
"2284","tor",34980,27,12,44.4,1,116
"2285","tor",34991,23,8,34.8,1,122
"2286","tor",35008,23,6,26.1,1,101
"2287","tor",35024,21,9,42.9,1,94
"2288","tor",35037,15,10,66.7,1,131
"2289","tor",35054,31,11,35.5,0,106
"2290","tor",35066,27,14,51.8,1,111
"2291","tor",35088,19,6,31.6,1,113
"2292","tor",35097,23,5,21.7,0,90
"2293","tor",35106,30,10,33.3,1,105
"2294","tor",35120,20,9,45,1,96
"2295","tor",35136,31,10,32.3,1,110
"2296","tor",35158,26,8,30.8,1,98
"2297","uta",33942,24,8,33.3,0,104
"2298","uta",33964,25,6,24,1,96
"2299","uta",33975,19,7,36.8,0,75
"2300","uta",33993,31,15,48.4,1,106
"2301","uta",34002,25,12,48,1,97
"2302","uta",34017,26,11,42.3,0,86
"2303","uta",34027,25,8,32,1,114
"2304","uta",34033,19,11,57.9,1,109
"2305","uta",34048,34,8,23.5,0,98
"2306","uta",34064,28,7,25,1,87
"2307","uta",34076,20,6,30,1,102
"2308","uta",34091,28,8,28.6,0,96
"2309","uta",34113,25,5,20,0,77
"2310","uta",34124,27,12,44.4,0,102
"2311","uta",34137,26,7,26.9,0,91
"2312","uta",34161,26,8,30.8,1,108
"2313","uta",34171,34,10,29.4,1,95
"2314","uta",34198,18,4,22.2,1,112
"2315","uta",34205,28,15,53.6,1,120
"2316","uta",34220,30,17,56.7,0,110
"2317","uta",34237,25,9,36,1,105
"2318","uta",34253,32,13,40.6,1,107
"2319","uta",34260,27,12,44.4,1,112
"2320","uta",34275,38,10,26.3,0,99
"2321","uta",34294,29,13,44.8,1,104
"2322","uta",34322,23,13,56.5,1,109
"2323","uta",34338,22,8,36.4,1,103
"2324","uta",34347,27,8,29.6,1,82
"2325","uta",34367,30,9,30,0,74
"2326","uta",34374,27,9,33.3,0,93
"2327","uta",34392,27,10,37,0,98
"2328","uta",34415,26,9,34.6,1,102
"2329","uta",34429,26,15,57.7,1,100
"2330","uta",34446,20,8,40,1,91
"2331","uta",34455,24,7,29.2,1,101
"2332","uta",34462,26,11,42.3,0,104
"2333","uta",34477,20,7,35,0,93
"2334","uta",34496,23,8,34.8,1,94
"2335","uta",34504,23,9,39.1,0,79
"2336","uta",34516,34,13,38.2,1,100
"2337","uta",34540,31,16,51.6,1,110
"2338","uta",34545,26,7,26.9,1,114
"2339","uta",34560,23,8,34.8,1,106
"2340","uta",34588,23,8,34.8,1,112
"2341","uta",34599,24,6,25,1,109
"2342","uta",34613,21,5,23.8,0,95
"2343","uta",34618,22,7,31.8,0,93
"2344","uta",34633,26,6,23.1,1,96
"2345","uta",34648,25,10,40,0,95
"2346","uta",34678,29,11,37.9,1,104
"2347","uta",34700,33,13,39.4,1,105
"2348","uta",34712,26,10,38.5,1,120
"2349","uta",34729,32,14,43.8,1,127
"2350","uta",34737,29,13,44.8,0,105
"2351","uta",34755,31,8,25.8,0,104
"2352","uta",34768,23,4,17.4,0,72
"2353","uta",34783,22,11,50,1,111
"2354","uta",34800,23,8,34.8,1,109
"2355","uta",34817,24,11,45.8,1,102
"2356","uta",34833,22,9,40.9,0,106
"2357","uta",34843,19,4,21,0,80
"2358","uta",34855,26,12,46.2,1,112
"2359","uta",34871,33,10,30.3,1,110
"2360","uta",34884,27,10,37,1,88
"2361","uta",34894,31,12,38.7,1,115
"2362","uta",34913,20,9,45,0,104
"2363","uta",34936,21,14,66.7,1,114
"2364","uta",34948,28,13,46.4,1,97
"2365","uta",34954,21,5,23.8,0,83
"2366","uta",34972,25,7,28,0,86
"2367","uta",34986,26,6,23.1,0,100
"2368","uta",35006,28,7,25,1,108
"2369","uta",35022,26,8,30.8,0,95
"2370","uta",35042,27,15,55.6,1,108
"2371","uta",35060,32,13,40.6,1,112
"2372","uta",35074,25,10,40,1,95
"2373","uta",35086,24,9,37.5,0,103
"2374","uta",35104,23,13,56.5,1,106
"2375","uta",35125,25,14,56,1,120
"2376","uta",35134,19,6,31.6,0,86
"2377","uta",35151,35,13,37.1,1,105
"2378","uta",35167,26,10,38.5,1,101
"2379","was",33954,20,6,30,0,99
"2380","was",33979,25,5,20,0,103
"2381","was",33995,10,3,30,0,103
"2382","was",34010,20,5,25,1,95
"2383","was",34021,17,6,35.3,0,86
"2384","was",34034,27,10,37,0,106
"2385","was",34047,21,10,47.6,1,118
"2386","was",34062,15,3,20,0,94
"2387","was",34073,13,4,30.8,0,95
"2388","was",34098,23,8,34.8,0,102
"2389","was",34109,25,15,60,1,119
"2390","was",34126,27,11,40.7,0,111
"2391","was",34140,28,10,35.7,1,106
"2392","was",34166,29,6,20.7,1,94
"2393","was",34180,22,6,27.3,0,100
"2394","was",34193,25,10,40,1,101
"2395","was",34210,28,10,35.7,0,115
"2396","was",34229,11,7,63.6,0,105
"2397","was",34246,34,14,41.2,1,118
"2398","was",34255,23,11,47.8,0,116
"2399","was",34272,19,6,31.6,1,92
"2400","was",34286,21,8,38.1,1,110
"2401","was",34303,23,5,21.7,0,101
"2402","was",34315,18,5,27.8,1,109
"2403","was",34329,25,12,48,1,122
"2404","was",34346,19,10,52.6,1,117
"2405","was",34353,33,8,24.2,0,105
"2406","was",34372,18,3,16.7,1,107
"2407","was",34387,24,7,29.2,0,96
"2408","was",34401,29,12,41.4,1,107
"2409","was",34416,22,8,36.4,1,111
"2410","was",34433,22,11,50,1,118
"2411","was",34458,26,6,23.1,0,91
"2412","was",34464,30,11,36.7,0,105
"2413","was",34484,22,12,54.6,1,112
"2414","was",34502,32,10,31.2,1,107
"2415","was",34511,22,11,50,1,101
"2416","was",34523,26,10,38.5,0,108
"2417","was",34544,17,8,47.1,1,109
"2418","was",34554,23,13,56.5,1,120
"2419","was",34568,29,8,27.6,1,104
"2420","was",34578,32,13,40.6,1,113
"2421","was",34591,26,8,30.8,0,112
"2422","was",34605,25,10,40,1,109
"2423","was",34616,20,9,45,1,123
"2424","was",34642,31,13,41.9,1,112
"2425","was",34654,21,10,47.6,1,107
"2426","was",34664,22,7,31.8,1,117
"2427","was",34682,33,12,36.4,1,116
"2428","was",34695,31,10,32.3,1,105
"2429","was",34709,29,12,41.4,0,135
"2430","was",34724,25,9,36,1,114
"2431","was",34745,29,10,34.5,1,112
"2432","was",34760,21,13,61.9,1,120
"2433","was",34788,29,15,51.7,1,111
"2434","was",34796,24,5,20.8,0,112
"2435","was",34817,22,8,36.4,0,92
"2436","was",34829,28,12,42.9,1,112
"2437","was",34836,25,9,36,1,105
"2438","was",34850,30,10,33.3,0,106
"2439","was",34870,26,14,53.8,1,115
"2440","was",34888,18,7,38.9,1,131
"2441","was",34898,26,11,42.3,1,123
"2442","was",34912,26,9,34.6,1,130
"2443","was",34923,25,12,48,1,125
"2444","was",34935,26,7,26.9,0,104
"2445","was",34944,30,12,40,0,107
"2446","was",34961,26,10,38.5,1,112
"2447","was",34970,33,11,33.3,0,93
"2448","was",34987,35,8,22.9,0,102
"2449","was",35003,34,11,32.4,1,104
"2450","was",35012,26,10,38.5,1,129
"2451","was",35023,18,8,44.4,1,127
"2452","was",35050,23,6,26.1,1,119
"2453","was",35059,34,13,38.2,0,124
"2454","was",35074,17,5,29.4,0,88
"2455","was",35092,27,10,37,0,115
"2456","was",35095,34,17,50,1,118
"2457","was",35116,34,14,41.2,1,106
"2458","was",35132,22,8,36.4,0,103
"2459","was",35148,19,7,36.8,1,105
"2460","was",35161,26,7,26.9,0,102
