"","team","game.id","three_pt_Attempts","three_pt_Made","three_pt_Percentage","total_pts.points"
"1","bos","33946",32,11,34.4,122
"2","bos","33955",23,8,34.8,99
"3","bos","33967",31,15,48.4,104
"4","bos","34001",32,14,43.8,107
"5","bos","34008",32,11,34.4,122
"6","bos","34031",25,8,32,107
"7","bos","34047",31,10,32.3,93
"8","bos","34065",27,11,40.7,115
"9","bos","34070",25,8,32,105
"10","bos","34088",41,12,29.3,105
"11","bos","34101",21,7,33.3,90
"12","bos","34119",32,11,34.4,88
"13","bos","34128",31,12,38.7,94
"14","bos","34145",38,12,31.6,99
"15","bos","34157",38,15,39.5,111
"16","bos","34165",34,12,35.3,103
"17","bos","34196",27,11,40.7,112
"18","bos","34207",42,15,35.7,114
"19","bos","34223",28,11,39.3,97
"20","bos","34234",26,8,30.8,107
"21","bos","34251",32,11,34.4,106
"22","bos","34262",26,7,26.9,117
"23","bos","34279",42,17,40.5,94
"24","bos","34297",32,11,34.4,96
"25","bos","34323",31,10,32.3,101
"26","bos","34331",28,9,32.1,96
"27","bos","34350",28,9,32.1,105
"28","bos","34364",37,12,32.4,112
"29","bos","34380",39,10,25.6,109
"30","bos","34385",28,9,32.1,112
"31","bos","34396",36,14,38.9,119
"32","bos","34412",31,12,38.7,113
"33","bos","34428",37,12,32.4,118
"34","bos","34434",32,17,53.1,117
"35","bos","34462",31,17,54.8,115
"36","bos","34486",40,19,47.5,110
"37","bos","34493",36,18,50,117
"38","bos","34512",27,9,33.3,106
"39","bos","34523",41,17,41.5,117
"40","bos","34537",44,17,38.6,103
"41","bos","34558",39,15,38.5,108
"42","bos","34570",33,9,27.3,106
"43","bos","34590",35,13,37.1,123
"44","bos","34616",33,10,30.3,108
"45","bos","34621",32,11,34.4,120
"46","bos","34637",34,16,47.1,128
"47","bos","34646",40,14,35,112
"48","bos","34661",32,13,40.6,113
"49","bos","34672",36,12,33.3,109
"50","bos","34691",35,13,37.1,113
"51","bos","34706",52,16,30.8,107
"52","bos","34733",32,10,31.2,92
"53","bos","34738",30,10,33.3,120
"54","bos","34755",30,13,43.3,112
"55","bos","34766",34,16,47.1,111
"56","bos","34776",28,13,46.4,116
"57","bos","34789",37,14,37.8,103
"58","bos","34798",38,12,31.6,97
"59","bos","34819",35,12,34.3,104
"60","bos","34825",34,10,29.4,98
"61","bos","34839",31,13,41.9,103
"62","bos","34858",33,10,30.3,115
"63","bos","34869",37,13,35.1,106
"64","bos","34885",35,10,28.6,102
"65","bos","34899",29,10,34.5,99
"66","bos","34910",33,12,36.4,99
"67","bos","34925",37,16,43.2,100
"68","bos","34946",33,13,39.4,117
"69","bos","34962",29,7,24.1,98
"70","bos","34977",29,6,20.7,99
"71","bos","34987",33,10,30.3,110
"72","bos","35000",27,11,40.7,109
"73","bos","35016",41,14,34.2,130
"74","bos","35033",24,8,33.3,112
"75","bos","35053",37,12,32.4,100
"76","bos","35069",33,12,36.4,117
"77","bos","35082",37,12,32.4,110
"78","bos","35109",33,7,21.2,91
"79","bos","35117",43,15,34.9,116
"80","bos","35129",39,17,43.6,121
"81","bos","35144",38,14,36.8,114
"82","bos","35159",37,12,32.4,112
"83","bro","33946",44,15,34.1,117
"84","bro","33959",33,10,30.3,103
"85","bro","33971",34,11,32.4,108
"86","bro","33983",31,5,16.1,88
"87","bro","33997",27,13,48.2,109
"88","bro","34012",36,9,25,95
"89","bro","34041",33,12,36.4,119
"90","bro","34046",33,11,33.3,96
"91","bro","34079",37,16,43.2,122
"92","bro","34092",33,10,30.3,95
"93","bro","34097",41,12,29.3,118
"94","bro","34118",29,11,37.9,105
"95","bro","34134",35,10,28.6,109
"96","bro","34157",31,10,32.3,92
"97","bro","34174",34,11,32.4,97
"98","bro","34187",39,16,41,105
"99","bro","34201",38,13,34.2,127
"100","bro","34217",40,12,30,93
"101","bro","34231",41,11,26.8,103
"102","bro","34246",27,11,40.7,113
"103","bro","34263",26,9,34.6,116
"104","bro","34293",27,7,25.9,101
"105","bro","34304",20,7,35,118
"106","bro","34318",35,11,31.4,107
"107","bro","34330",27,11,40.7,111
"108","bro","34348",34,12,35.3,107
"109","bro","34360",35,10,28.6,104
"110","bro","34377",35,13,37.1,101
"111","bro","34384",30,8,26.7,99
"112","bro","34403",31,15,48.4,120
"113","bro","34420",32,13,40.6,99
"114","bro","34433",25,10,40,95
"115","bro","34455",27,6,22.2,89
"116","bro","34476",38,17,44.7,109
"117","bro","34487",30,9,30,108
"118","bro","34500",27,10,37,95
"119","bro","34513",29,10,34.5,97
"120","bro","34527",42,9,21.4,95
"121","bro","34533",36,17,47.2,113
"122","bro","34549",44,15,34.1,112
"123","bro","34562",26,7,26.9,109
"124","bro","34585",30,15,50,143
"125","bro","34592",41,17,41.5,105
"126","bro","34606",25,5,20,86
"127","bro","34622",35,13,37.1,106
"128","bro","34636",33,16,48.5,116
"129","bro","34650",21,7,33.3,109
"130","bro","34659",26,4,15.4,96
"131","bro","34673",25,5,20,90
"132","bro","34687",28,11,39.3,97
"133","bro","34705",34,13,38.2,95
"134","bro","34719",36,12,33.3,107
"135","bro","34724",33,9,27.3,110
"136","bro","34739",20,8,40,99
"137","bro","34762",37,12,32.4,103
"138","bro","34778",36,14,38.9,125
"139","bro","34804",30,10,33.3,109
"140","bro","34813",28,8,28.6,95
"141","bro","34845",28,11,39.3,109
"142","bro","34855",29,7,24.1,97
"143","bro","34866",30,14,46.7,116
"144","bro","34879",30,14,46.7,122
"145","bro","34890",34,11,32.4,105
"146","bro","34911",31,9,29,96
"147","bro","34926",38,19,50,120
"148","bro","34940",24,12,50,104
"149","bro","34956",31,10,32.3,121
"150","bro","34962",35,11,31.4,95
"151","bro","34976",31,13,41.9,104
"152","bro","34992",29,10,34.5,98
"153","bro","35007",29,8,27.6,126
"154","bro","35012",15,3,20,108
"155","bro","35028",22,6,27.3,107
"156","bro","35045",32,9,28.1,101
"157","bro","35061",31,10,32.3,89
"158","bro","35079",31,8,25.8,121
"159","bro","35089",33,10,30.3,91
"160","bro","35094",31,16,51.6,141
"161","bro","35114",30,11,36.7,107
"162","bro","35128",31,10,32.3,107
"163","bro","35144",31,8,25.8,105
"164","bro","35162",33,3,9.1,73
"165","nyk","33941",27,9,33.3,88
"166","nyk","33968",21,6,28.6,111
"167","nyk","33990",22,7,31.8,89
"168","nyk","33998",20,8,40,99
"169","nyk","34013",21,9,42.9,117
"170","nyk","34027",20,8,40,109
"171","nyk","34046",30,10,33.3,110
"172","nyk","34065",23,6,26.1,87
"173","nyk","34071",23,7,30.4,107
"174","nyk","34086",25,9,36,93
"175","nyk","34102",25,9,36,105
"176","nyk","34109",29,12,41.4,112
"177","nyk","34133",27,10,37,104
"178","nyk","34148",29,9,31,107
"179","nyk","34168",28,11,39.3,113
"180","nyk","34181",32,12,37.5,102
"181","nyk","34195",19,6,31.6,103
"182","nyk","34211",32,13,40.6,106
"183","nyk","34225",31,12,38.7,118
"184","nyk","34242",29,11,37.9,106
"185","nyk","34256",25,7,28,114
"186","nyk","34267",31,11,35.5,94
"187","nyk","34285",29,10,34.5,103
"188","nyk","34300",22,10,45.4,118
"189","nyk","34312",20,7,35,111
"190","nyk","34328",21,5,23.8,90
"191","nyk","34344",23,8,34.8,114
"192","nyk","34361",23,13,56.5,118
"193","nyk","34378",20,9,45,106
"194","nyk","34396",23,8,34.8,114
"195","nyk","34418",27,7,25.9,98
"196","nyk","34435",23,7,30.4,92
"197","nyk","34445",32,10,31.2,122
"198","nyk","34456",21,8,38.1,103
"199","nyk","34471",28,13,46.4,104
"200","nyk","34488",23,13,56.5,116
"201","nyk","34492",31,12,38.7,109
"202","nyk","34508",29,11,37.9,96
"203","nyk","34520",22,4,18.2,97
"204","nyk","34528",23,7,30.4,104
"205","nyk","34546",29,12,41.4,101
"206","nyk","34553",26,8,30.8,107
"207","nyk","34570",25,10,40,117
"208","nyk","34578",24,7,29.2,110
"209","nyk","34594",21,11,52.4,105
"210","nyk","34612",22,8,36.4,109
"211","nyk","34628",23,7,30.4,95
"212","nyk","34639",27,9,33.3,110
"213","nyk","34651",51,18,35.3,139
"214","nyk","34664",24,5,20.8,101
"215","nyk","34673",27,6,22.2,95
"216","nyk","34699",31,12,38.7,104
"217","nyk","34708",21,7,33.3,107
"218","nyk","34731",27,8,29.6,115
"219","nyk","34740",38,16,42.1,123
"220","nyk","34757",14,9,64.3,94
"221","nyk","34785",21,11,52.4,105
"222","nyk","34793",26,8,30.8,104
"223","nyk","34808",21,6,28.6,110
"224","nyk","34822",24,9,37.5,91
"225","nyk","34835",29,8,27.6,101
"226","nyk","34849",21,7,33.3,102
"227","nyk","34868",22,7,31.8,105
"228","nyk","34875",14,6,42.9,113
"229","nyk","34892",20,7,35,93
"230","nyk","34915",30,13,43.3,92
"231","nyk","34926",23,8,34.8,112
"232","nyk","34941",28,9,32.1,87
"233","nyk","34956",16,3,18.8,110
"234","nyk","34990",24,6,25,105
"235","nyk","35006",21,9,42.9,101
"236","nyk","35011",22,5,22.7,95
"237","nyk","35025",10,3,30,98
"238","nyk","35038",21,7,33.3,109
"239","nyk","35055",25,5,20,88
"240","nyk","35073",16,6,37.5,98
"241","nyk","35082",25,7,28,94
"242","nyk","35100",23,6,26.1,100
"243","nyk","35116",20,7,35,103
"244","nyk","35121",28,6,21.4,88
"245","nyk","35136",28,9,32.1,97
"246","nyk","35160",22,9,40.9,114
"247","phi","33951",24,7,29.2,97
"248","phi","33966",18,5,27.8,72
"249","phi","33986",20,9,45,101
"250","phi","33996",38,12,31.6,93
"251","phi","34020",38,14,36.8,101
"252","phi","34033",21,7,33.3,84
"253","phi","34050",36,14,38.9,115
"254","phi","34061",32,11,34.4,109
"255","phi","34072",29,11,37.9,96
"256","phi","34089",22,5,22.7,88
"257","phi","34098",28,10,35.7,109
"258","phi","34112",32,9,28.1,86
"259","phi","34129",35,17,48.6,120
"260","phi","34139",26,11,42.3,101
"261","phi","34152",36,12,33.3,99
"262","phi","34169",22,9,40.9,89
"263","phi","34185",34,15,44.1,108
"264","phi","34194",34,14,41.2,95
"265","phi","34222",32,9,28.1,88
"266","phi","34234",33,15,45.4,106
"267","phi","34244",31,11,35.5,98
"268","phi","34258",41,14,34.2,91
"269","phi","34274",40,12,30,99
"270","phi","34296",17,7,41.2,97
"271","phi","34314",29,9,31,114
"272","phi","34336",31,6,19.4,89
"273","phi","34348",28,12,42.9,108
"274","phi","34358",33,11,33.3,93
"275","phi","34393",31,13,41.9,116
"276","phi","34411",25,9,36,100
"277","phi","34429",24,6,25,83
"278","phi","34440",33,16,48.5,124
"279","phi","34461",32,7,21.9,93
"280","phi","34486",28,9,32.1,106
"281","phi","34500",27,8,29.6,105
"282","phi","34520",28,7,25,98
"283","phi","34532",38,14,36.8,102
"284","phi","34544",31,10,32.3,93
"285","phi","34555",37,14,37.8,113
"286","phi","34567",24,8,33.3,94
"287","phi","34581",29,12,41.4,93
"288","phi","34593",29,12,41.4,93
"289","phi","34615",29,10,34.5,121
"290","phi","34624",26,12,46.2,114
"291","phi","34634",25,10,40,118
"292","phi","34656",28,10,35.7,108
"293","phi","34676",22,6,27.3,95
"294","phi","34684",25,9,36,86
"295","phi","34698",23,6,26.1,102
"296","phi","34713",28,5,17.9,96
"297","phi","34722",34,13,38.2,103
"298","phi","34735",28,11,39.3,112
"299","phi","34750",25,9,36,117
"300","phi","34761",33,12,36.4,105
"301","phi","34776",31,8,25.8,108
"302","phi","34796",29,10,34.5,120
"303","phi","34808",31,7,22.6,109
"304","phi","34823",34,10,29.4,108
"305","phi","34838",17,6,35.3,98
"306","phi","34849",28,9,32.1,105
"307","phi","34859",34,14,41.2,106
"308","phi","34874",30,8,26.7,98
"309","phi","34904",29,11,37.9,108
"310","phi","34914",30,10,33.3,100
"311","phi","34930",24,10,41.7,118
"312","phi","34943",27,8,29.6,104
"313","phi","34960",29,12,41.4,116
"314","phi","34977",33,12,36.4,105
"315","phi","34985",34,9,26.5,109
"316","phi","35002",25,8,32,97
"317","phi","35017",25,8,32,117
"318","phi","35032",41,14,34.2,94
"319","phi","35045",33,10,30.3,106
"320","phi","35051",39,11,28.2,92
"321","phi","35068",33,11,33.3,105
"322","phi","35088",36,11,30.6,105
"323","phi","35094",38,12,31.6,118
"324","phi","35113",33,7,21.2,90
"325","phi","35131",31,8,25.8,82
"326","phi","35143",33,13,39.4,111
"327","phi","35160",23,7,30.4,113
"328","phi","40227",31,11,35.5,122
"329","tor","33947",18,3,16.7,109
"330","tor","33958",16,4,25,91
"331","tor","33982",16,4,25,105
"332","tor","33995",25,10,40,113
"333","tor","34011",25,6,24,96
"334","tor","34029",30,7,23.3,91
"335","tor","34052",26,11,42.3,112
"336","tor","34063",22,6,27.3,113
"337","tor","34071",22,7,31.8,118
"338","tor","34093",29,13,44.8,117
"339","tor","34105",25,10,40,121
"340","tor","34121",23,8,34.8,113
"341","tor","34136",24,9,37.5,99
"342","tor","34147",19,8,42.1,115
"343","tor","34159",23,12,52.2,115
"344","tor","34172",32,14,43.8,105
"345","tor","34194",19,13,68.4,122
"346","tor","34208",32,16,50,120
"347","tor","34224",29,12,41.4,113
"348","tor","34233",24,13,54.2,128
"349","tor","34245",32,13,40.6,112
"350","tor","34271",27,12,44.4,124
"351","tor","34279",20,9,45,101
"352","tor","34302",25,14,56,122
"353","tor","34314",29,10,34.5,123
"354","tor","34332",21,10,47.6,121
"355","tor","34349",27,7,25.9,109
"356","tor","34360",18,8,44.4,116
"357","tor","34392",21,8,38.1,104
"358","tor","34409",34,12,35.3,95
"359","tor","34425",35,13,37.1,111
"360","tor","34430",27,7,25.9,91
"361","tor","34452",17,10,58.8,123
"362","tor","34465",18,4,22.2,82
"363","tor","34477",21,8,38.1,101
"364","tor","34494",31,8,25.8,118
"365","tor","34503",25,11,44,122
"366","tor","34512",22,10,45.4,114
"367","tor","34533",28,11,39.3,132
"368","tor","34546",22,8,36.4,116
"369","tor","34562",19,10,52.6,119
"370","tor","34567",24,6,25,89
"371","tor","34582",30,7,23.3,78
"372","tor","34603",27,7,25.9,103
"373","tor","34614",25,6,24,106
"374","tor","34625",34,10,29.4,99
"375","tor","34638",25,10,40,102
"376","tor","34655",28,12,42.9,113
"377","tor","34665",31,10,32.3,108
"378","tor","34672",31,8,25.8,104
"379","tor","34686",28,10,35.7,94
"380","tor","34705",19,5,26.3,103
"381","tor","34711",24,10,41.7,118
"382","tor","34730",28,11,39.3,109
"383","tor","34758",16,8,50,101
"384","tor","34771",20,5,25,94
"385","tor","34777",32,12,37.5,90
"386","tor","34798",15,5,33.3,107
"387","tor","34818",20,7,35,112
"388","tor","34822",26,7,26.9,92
"389","tor","34836",20,7,35,96
"390","tor","34850",25,11,44,114
"391","tor","34860",21,7,33.3,94
"392","tor","34893",21,8,38.1,94
"393","tor","34909",25,4,16,99
"394","tor","34919",15,2,13.3,89
"395","tor","34932",25,9,36,100
"396","tor","34955",20,5,25,102
"397","tor","34963",27,9,33.3,87
"398","tor","34980",27,12,44.4,116
"399","tor","34991",23,8,34.8,122
"400","tor","35008",23,6,26.1,101
"401","tor","35024",21,9,42.9,94
"402","tor","35037",15,10,66.7,131
"403","tor","35054",31,11,35.5,106
"404","tor","35066",27,14,51.8,111
"405","tor","35088",19,6,31.6,113
"406","tor","35097",23,5,21.7,90
"407","tor","35106",30,10,33.3,105
"408","tor","35120",20,9,45,96
"409","tor","35136",31,10,32.3,110
"410","tor","35158",26,8,30.8,98
"411","gsw","33943",33,7,21.2,100
"412","gsw","33965",28,9,32.1,122
"413","gsw","33976",29,8,27.6,106
"414","gsw","33994",26,10,38.5,127
"415","gsw","34009",30,14,46.7,122
"416","gsw","34018",32,5,15.6,97
"417","gsw","34039",35,16,45.7,116
"418","gsw","34056",33,17,51.5,116
"419","gsw","34059",30,14,46.7,125
"420","gsw","34083",33,16,48.5,133
"421","gsw","34105",36,13,36.1,127
"422","gsw","34119",28,9,32.1,104
"423","gsw","34131",38,14,36.8,124
"424","gsw","34142",36,13,36.1,120
"425","gsw","34163",36,19,52.8,149
"426","gsw","34178",28,11,39.3,109
"427","gsw","34184",22,11,50,115
"428","gsw","34199",35,12,34.3,105
"429","gsw","34221",44,12,27.3,127
"430","gsw","34239",21,14,66.7,138
"431","gsw","34254",37,14,37.8,142
"432","gsw","34270",30,7,23.3,115
"433","gsw","34275",29,12,41.4,106
"434","gsw","34291",27,9,33.3,89
"435","gsw","34298",32,13,40.6,116
"436","gsw","34311",34,14,41.2,113
"437","gsw","34328",32,9,28.1,103
"438","gsw","34345",28,14,50,135
"439","gsw","34367",23,9,39.1,104
"440","gsw","34377",37,12,32.4,117
"441","gsw","34386",27,11,40.7,119
"442","gsw","34397",30,9,30,108
"443","gsw","34425",23,14,60.9,121
"444","gsw","34441",33,11,33.3,108
"445","gsw","34460",25,11,44,127
"446","gsw","34474",36,13,36.1,125
"447","gsw","34490",30,8,26.7,119
"448","gsw","34506",29,10,34.5,117
"449","gsw","34518",27,11,40.7,107
"450","gsw","34531",29,15,51.7,127
"451","gsw","34559",34,15,44.1,126
"452","gsw","34574",21,10,47.6,121
"453","gsw","34586",38,15,39.5,125
"454","gsw","34601",42,19,45.2,118
"455","gsw","34608",30,8,26.7,102
"456","gsw","34627",28,11,39.3,113
"457","gsw","34647",34,17,50,144
"458","gsw","34658",26,8,30.8,113
"459","gsw","34681",48,21,43.8,126
"460","gsw","34685",34,14,41.2,133
"461","gsw","34704",44,15,34.1,106
"462","gsw","34732",28,15,53.6,123
"463","gsw","34743",33,15,45.4,122
"464","gsw","34752",31,13,41.9,130
"465","gsw","34767",32,8,25,110
"466","gsw","34787",36,13,36.1,109
"467","gsw","34794",25,13,52,123
"468","gsw","34813",31,11,35.5,112
"469","gsw","34823",29,6,20.7,119
"470","gsw","34829",28,8,28.6,108
"471","gsw","34846",30,6,20,87
"472","gsw","34868",35,13,37.1,112
"473","gsw","34877",44,20,45.4,119
"474","gsw","34899",30,6,20,86
"475","gsw","34908",24,7,29.2,102
"476","gsw","34920",17,5,29.4,85
"477","gsw","34943",32,14,43.8,106
"478","gsw","34959",26,10,38.5,122
"479","gsw","34975",23,12,52.2,117
"480","gsw","34989",33,15,45.4,111
"481","gsw","34995",30,13,43.3,112
"482","gsw","35021",31,10,32.3,114
"483","gsw","35034",31,17,54.8,106
"484","gsw","35048",41,11,26.8,113
"485","gsw","35058",26,13,50,110
"486","gsw","35076",32,11,34.4,107
"487","gsw","35092",36,16,44.4,139
"488","gsw","35102",32,14,43.8,121
"489","gsw","35111",31,13,41.9,120
"490","gsw","35135",33,10,30.3,123
"491","gsw","35151",25,9,36,99
"492","gsw","35169",36,12,33.3,109
"493","lac","33957",29,8,27.6,114
"494","lac","33975",27,6,22.2,88
"495","lac","33985",16,6,37.5,116
"496","lac","34004",22,7,31.8,83
"497","lac","34014",27,8,29.6,99
"498","lac","34026",23,9,39.1,116
"499","lac","34038",25,13,52,114
"500","lac","34055",32,11,34.4,111
"501","lac","34066",27,11,40.7,110
"502","lac","34075",24,11,45.8,119
"503","lac","34092",25,14,56,127
"504","lac","34107",25,9,36,107
"505","lac","34123",29,13,44.8,121
"506","lac","34132",27,11,40.7,102
"507","lac","34147",25,10,40,123
"508","lac","34160",32,15,46.9,124
"509","lac","34170",21,7,33.3,97
"510","lac","34189",24,4,16.7,70
"511","lac","34201",40,13,32.5,122
"512","lac","34219",31,13,41.9,113
"513","lac","34227",24,10,41.7,114
"514","lac","34243",30,10,33.3,102
"515","lac","34270",26,8,30.8,98
"516","lac","34295",36,17,47.2,133
"517","lac","34306",23,11,47.8,121
"518","lac","34316",25,13,52,113
"519","lac","34337",25,7,28,102
"520","lac","34346",24,7,29.2,110
"521","lac","34366",36,16,44.4,119
"522","lac","34381",28,11,39.3,106
"523","lac","34395",29,13,44.8,88
"524","lac","34400",29,10,34.5,102
"525","lac","34410",25,9,36,102
"526","lac","34436",33,13,39.4,116
"527","lac","34447",30,8,26.7,88
"528","lac","34459",16,7,43.8,109
"529","lac","34473",23,9,39.1,115
"530","lac","34491",31,13,41.9,106
"531","lac","34501",30,9,30,98
"532","lac","34524",26,9,34.6,105
"533","lac","34541",28,10,35.7,113
"534","lac","34561",28,12,42.9,120
"535","lac","34580",22,4,18.2,101
"536","lac","34598",32,10,31.2,98
"537","lac","34607",24,14,58.3,115
"538","lac","34615",34,18,52.9,110
"539","lac","34647",28,12,42.9,98
"540","lac","34679",19,5,26.3,124
"541","lac","34685",25,10,40,120
"542","lac","34706",29,10,34.5,102
"543","lac","34711",35,13,37.1,109
"544","lac","34731",25,10,40,119
"545","lac","34748",34,14,41.2,107
"546","lac","34768",25,9,36,88
"547","lac","34786",37,14,37.8,99
"548","lac","34794",28,11,39.3,113
"549","lac","34805",23,7,30.4,97
"550","lac","34821",32,10,31.2,124
"551","lac","34844",34,12,35.3,103
"552","lac","34852",19,8,42.1,101
"553","lac","34862",25,6,24,101
"554","lac","34885",20,9,45,116
"555","lac","34895",24,9,37.5,91
"556","lac","34901",30,11,36.7,114
"557","lac","34914",25,8,32,112
"558","lac","34936",30,12,40,108
"559","lac","34953",24,5,20.8,96
"560","lac","34958",32,16,50,114
"561","lac","34971",26,8,30.8,108
"562","lac","34990",31,10,32.3,114
"563","lac","34998",33,15,45.4,133
"564","lac","35009",27,9,33.3,95
"565","lac","35022",27,7,25.9,108
"566","lac","35029",29,10,34.5,97
"567","lac","35059",30,12,40,133
"568","lac","35064",22,12,54.6,124
"569","lac","35077",25,11,44,115
"570","lac","35112",31,12,38.7,112
"571","lac","35133",22,6,27.3,98
"572","lac","35150",26,10,38.5,125
"573","lac","35168",28,10,35.7,115
"574","lac","40246",37,11,29.7,98
"575","lal","33953",35,12,34.3,120
"576","lal","33964",23,9,39.1,89
"577","lal","33980",32,7,21.9,96
"578","lal","33988",28,6,21.4,108
"579","lal","33999",22,9,40.9,123
"580","lal","34018",30,8,26.7,117
"581","lal","34032",23,10,43.5,119
"582","lal","34044",26,10,38.5,97
"583","lal","34060",27,9,33.3,101
"584","lal","34069",30,16,53.3,126
"585","lal","34082",24,8,33.3,99
"586","lal","34097",28,9,32.1,125
"587","lal","34122",25,12,48,107
"588","lal","34138",31,13,41.9,110
"589","lal","34151",27,14,51.8,111
"590","lal","34163",20,8,40,106
"591","lal","34178",22,5,22.7,85
"592","lal","34192",20,8,40,109
"593","lal","34203",30,5,16.7,88
"594","lal","34209",8,2,25,96
"595","lal","34224",26,6,23.1,80
"596","lal","34235",21,7,33.3,100
"597","lal","34253",14,5,35.7,101
"598","lal","34266",20,5,25,95
"599","lal","34284",26,9,34.6,115
"600","lal","34300",28,10,35.7,112
"601","lal","34307",23,10,43.5,92
"602","lal","34318",27,6,22.2,97
"603","lal","34336",30,9,30,100
"604","lal","34342",37,16,43.2,108
"605","lal","34359",33,16,48.5,113
"606","lal","34379",38,14,36.8,107
"607","lal","34383",23,8,34.8,90
"608","lal","34400",25,8,32,111
"609","lal","34415",16,4,25,100
"610","lal","34431",19,7,36.8,89
"611","lal","34452",32,15,46.9,114
"612","lal","34468",33,17,51.5,116
"613","lal","34482",31,10,32.3,109
"614","lal","34489",28,10,35.7,127
"615","lal","34507",32,8,25,111
"616","lal","34517",24,9,37.5,87
"617","lal","34529",19,6,31.6,94
"618","lal","34541",21,10,47.6,97
"619","lal","34552",26,6,23.1,97
"620","lal","34566",30,11,36.7,121
"621","lal","34589",33,14,42.4,108
"622","lal","34602",21,3,14.3,73
"623","lal","34629",29,11,37.9,98
"624","lal","34633",14,4,28.6,88
"625","lal","34669",26,12,46.2,120
"626","lal","34682",39,12,30.8,108
"627","lal","34691",38,14,36.8,107
"628","lal","34708",28,8,28.6,121
"629","lal","34726",23,6,26.1,102
"630","lal","34742",30,15,50,122
"631","lal","34773",29,12,41.4,96
"632","lal","34784",26,9,34.6,101
"633","lal","34801",35,7,20,93
"634","lal","34814",22,7,31.8,98
"635","lal","34834",32,12,37.5,104
"636","lal","34858",24,6,25,95
"637","lal","34873",28,10,35.7,97
"638","lal","34887",30,11,36.7,111
"639","lal","34903",27,12,44.4,122
"640","lal","34930",20,4,20,116
"641","lal","34938",20,6,30,101
"642","lal","34950",25,3,12,100
"643","lal","34967",29,11,37.9,103
"644","lal","34983",27,11,40.7,120
"645","lal","34998",20,6,30,109
"646","lal","35020",23,14,60.9,130
"647","lal","35036",21,5,23.8,81
"648","lal","35050",22,8,36.4,108
"649","lal","35063",27,9,33.3,104
"650","lal","35077",23,6,26.1,104
"651","lal","35084",19,7,36.8,108
"652","lal","35110",14,7,50,102
"653","lal","35127",24,4,16.7,98
"654","lal","35142",27,10,37,110
"655","lal","35155",22,8,36.4,108
"656","lal","35169",17,4,23.5,94
"657","phx","33952",16,4,25,94
"658","phx","33961",28,5,17.9,110
"659","phx","33976",23,8,34.8,100
"660","phx","33985",15,5,33.3,98
"661","phx","34003",16,5,31.2,118
"662","phx","34015",24,8,33.3,112
"663","phx","34032",20,6,30,108
"664","phx","34043",21,7,33.3,121
"665","phx","34053",22,8,36.4,107
"666","phx","34079",33,8,24.2,104
"667","phx","34083",24,8,33.3,120
"668","phx","34106",20,8,40,104
"669","phx","34115",26,9,34.6,116
"670","phx","34129",21,6,28.6,105
"671","phx","34140",27,11,40.7,101
"672","phx","34154",22,9,40.9,92
"673","phx","34176",26,6,23.1,85
"674","phx","34186",25,11,44,114
"675","phx","34214",21,10,47.6,109
"676","phx","34239",32,11,34.4,109
"677","phx","34260",18,6,33.3,105
"678","phx","34269",33,9,27.3,94
"679","phx","34284",30,13,43.3,119
"680","phx","34299",41,14,34.2,119
"681","phx","34312",30,9,30,113
"682","phx","34339",22,8,36.4,101
"683","phx","34356",21,9,42.9,108
"684","phx","34375",25,9,36,111
"685","phx","34393",26,12,46.2,123
"686","phx","34407",30,7,23.3,115
"687","phx","34422",16,7,43.8,98
"688","phx","34430",21,9,42.9,99
"689","phx","34446",17,7,41.2,86
"690","phx","34459",15,2,13.3,98
"691","phx","34467",23,9,39.1,99
"692","phx","34481",17,7,41.2,102
"693","phx","34505",27,9,33.3,116
"694","phx","34530",18,10,55.6,108
"695","phx","34543",21,8,38.1,108
"696","phx","34560",22,5,22.7,101
"697","phx","34576",19,4,21,103
"698","phx","34594",24,9,37.5,107
"699","phx","34603",22,9,40.9,115
"700","phx","34619",19,7,36.8,111
"701","phx","34632",24,10,41.7,120
"702","phx","34649",21,6,28.6,112
"703","phx","34663",19,5,26.3,96
"704","phx","34679",20,7,35,114
"705","phx","34693",29,12,41.4,105
"706","phx","34701",28,11,39.3,112
"707","phx","34714",27,5,18.5,106
"708","phx","34728",23,5,21.7,91
"709","phx","34746",19,8,42.1,115
"710","phx","34753",22,8,36.4,102
"711","phx","34769",23,8,34.8,108
"712","phx","34784",24,10,41.7,137
"713","phx","34799",24,8,33.3,121
"714","phx","34815",14,5,35.7,96
"715","phx","34832",21,7,33.3,112
"716","phx","34847",19,7,36.8,120
"717","phx","34856",21,5,23.8,118
"718","phx","34869",20,4,20,109
"719","phx","34888",27,13,48.2,127
"720","phx","34903",19,6,31.6,110
"721","phx","34922",20,6,30,100
"722","phx","34928",14,5,35.7,101
"723","phx","34952",25,6,24,101
"724","phx","34966",14,2,14.3,103
"725","phx","34978",22,6,27.3,95
"726","phx","34993",16,4,25,97
"727","phx","35007",25,7,28,98
"728","phx","35016",19,6,31.6,120
"729","phx","35027",16,6,37.5,106
"730","phx","35046",31,7,22.6,91
"731","phx","35064",23,7,30.4,118
"732","phx","35081",10,3,30,117
"733","phx","35093",34,8,23.5,116
"734","phx","35111",27,7,25.9,111
"735","phx","35126",18,8,44.4,120
"736","phx","35139",19,8,42.1,124
"737","phx","35156",30,8,26.7,104
"738","phx","40235",27,10,37,92
"739","sac","33952",21,6,28.6,113
"740","sac","33956",20,6,30,94
"741","sac","33974",26,9,34.6,106
"742","sac","33984",23,10,43.5,95
"743","sac","33989",23,5,21.7,96
"744","sac","34005",18,7,38.9,94
"745","sac","34025",28,10,35.7,91
"746","sac","34029",16,5,31.2,96
"747","sac","34045",25,8,32,102
"748","sac","34060",21,8,38.1,91
"749","sac","34068",21,6,28.6,120
"750","sac","34108",20,9,45,105
"751","sac","34123",26,10,38.5,115
"752","sac","34136",27,11,40.7,102
"753","sac","34164",28,12,42.9,116
"754","sac","34179",32,9,28.1,104
"755","sac","34187",23,13,56.5,122
"756","sac","34193",21,3,14.3,95
"757","sac","34223",26,6,23.1,92
"758","sac","34242",28,9,32.1,98
"759","sac","34268",22,10,45.4,120
"760","sac","34285",28,7,25,100
"761","sac","34294",26,9,34.6,84
"762","sac","34307",23,10,43.5,116
"763","sac","34320",32,11,34.4,98
"764","sac","34334",24,7,29.2,96
"765","sac","34351",31,8,25.8,79
"766","sac","34368",23,10,43.5,126
"767","sac","34374",21,10,47.6,94
"768","sac","34390",29,15,51.7,109
"769","sac","34411",25,7,28,102
"770","sac","34424",28,9,32.1,89
"771","sac","34442",28,11,39.3,98
"772","sac","34466",29,11,37.9,120
"773","sac","34475",20,8,40,102
"774","sac","34491",30,9,30,98
"775","sac","34506",28,11,39.3,106
"776","sac","34519",23,13,56.5,100
"777","sac","34539",25,9,36,108
"778","sac","34550",24,9,37.5,118
"779","sac","34575",21,9,42.9,100
"780","sac","34584",29,6,20.7,91
"781","sac","34600",26,9,34.6,99
"782","sac","34609",21,9,42.9,109
"783","sac","34620",31,11,35.5,116
"784","sac","34635",26,13,50,111
"785","sac","34644",27,11,40.7,109
"786","sac","34666",29,8,27.6,83
"787","sac","34693",27,10,37,103
"788","sac","34704",23,7,30.4,109
"789","sac","34718",28,11,39.3,107
"790","sac","34733",25,10,40,108
"791","sac","34747",36,18,50,108
"792","sac","34759",31,11,35.5,105
"793","sac","34773",24,7,29.2,97
"794","sac","34787",24,7,29.2,86
"795","sac","34795",14,7,50,116
"796","sac","34806",28,11,39.3,85
"797","sac","34828",17,6,35.3,88
"798","sac","34845",22,11,50,100
"799","sac","34871",17,8,47.1,109
"800","sac","34883",16,6,37.5,96
"801","sac","34897",19,7,36.8,104
"802","sac","34912",22,12,54.6,122
"803","sac","34924",23,8,34.8,92
"804","sac","34937",30,16,53.3,120
"805","sac","34952",14,6,42.9,107
"806","sac","34968",21,5,23.8,94
"807","sac","34982",10,7,70,102
"808","sac","35005",26,10,38.5,98
"809","sac","35021",21,10,47.6,100
"810","sac","35029",28,13,46.4,98
"811","sac","35041",25,6,24,91
"812","sac","35060",15,2,13.3,82
"813","sac","35072",19,6,31.6,89
"814","sac","35080",19,11,57.9,123
"815","sac","35103",22,12,54.6,98
"816","sac","35127",20,8,40,94
"817","sac","35140",31,9,29,128
"818","sac","35156",19,9,47.4,129
"819","sac","35168",11,5,45.4,95
"820","sac","40227",29,13,44.8,119
"821","chi","33955",25,11,44,105
"822","chi","33970",21,9,42.9,118
"823","chi","33983",27,11,40.7,118
"824","chi","34001",20,7,35,100
"825","chi","34013",23,8,34.8,104
"826","chi","34023",18,6,33.3,94
"827","chi","34036",19,3,15.8,112
"828","chi","34051",27,9,33.3,107
"829","chi","34058",16,6,37.5,98
"830","chi","34073",15,5,33.3,106
"831","chi","34096",20,7,35,113
"832","chi","34113",17,5,29.4,85
"833","chi","34132",30,9,30,95
"834","chi","34138",22,8,36.4,118
"835","chi","34150",18,6,33.3,107
"836","chi","34169",21,6,28.6,105
"837","chi","34209",21,4,19,90
"838","chi","34226",18,3,16.7,111
"839","chi","34236",13,3,23.1,82
"840","chi","34248",23,7,30.4,110
"841","chi","34257",15,2,13.3,91
"842","chi","34276",17,4,23.5,95
"843","chi","34290",8,1,12.5,105
"844","chi","34310",15,4,26.7,94
"845","chi","34324",20,5,25,97
"846","chi","34333",21,5,23.8,69
"847","chi","34354",16,8,50,113
"848","chi","34372",21,6,28.6,97
"849","chi","34382",22,7,31.8,91
"850","chi","34398",18,7,38.9,100
"851","chi","34405",25,6,24,90
"852","chi","34420",13,3,23.1,101
"853","chi","34432",23,6,26.1,101
"854","chi","34443",27,10,37,96
"855","chi","34457",23,7,30.4,118
"856","chi","34472",30,13,43.3,106
"857","chi","34494",28,11,39.3,123
"858","chi","34509",19,7,36.8,94
"859","chi","34511",27,10,37,99
"860","chi","34528",18,3,16.7,89
"861","chi","34542",20,8,40,107
"862","chi","34551",17,4,23.5,108
"863","chi","34564",14,6,42.9,98
"864","chi","34587",28,7,25,93
"865","chi","34600",17,6,35.3,102
"866","chi","34617",22,7,31.8,100
"867","chi","34623",27,8,29.6,114
"868","chi","34640",13,3,23.1,88
"869","chi","34656",14,8,57.1,121
"870","chi","34680",15,6,40,128
"871","chi","34689",25,8,32,117
"872","chi","34718",19,6,31.6,112
"873","chi","34732",24,4,16.7,92
"874","chi","34746",19,5,26.3,97
"875","chi","34756",25,10,40,89
"876","chi","34771",17,7,41.2,105
"877","chi","34789",25,6,24,104
"878","chi","34799",26,12,46.2,128
"879","chi","34811",30,15,50,117
"880","chi","34831",26,10,38.5,107
"881","chi","34846",19,5,26.3,94
"882","chi","34862",17,6,35.3,91
"883","chi","34878",28,8,28.6,95
"884","chi","34889",28,12,42.9,91
"885","chi","34906",39,9,23.1,94
"886","chi","34925",25,7,28,80
"887","chi","34931",40,14,35,115
"888","chi","34949",28,11,39.3,91
"889","chi","34961",27,7,25.9,107
"890","chi","34972",19,7,36.8,95
"891","chi","34991",37,14,37.8,120
"892","chi","35001",23,11,47.8,117
"893","chi","35017",24,10,41.7,107
"894","chi","35030",21,10,47.6,109
"895","chi","35062",25,12,48,99
"896","chi","35078",30,12,40,106
"897","chi","35087",26,13,50,117
"898","chi","35100",27,6,22.2,91
"899","chi","35113",25,8,32,102
"900","chi","35128",24,11,45.8,106
"901","chi","35146",26,12,46.2,122
"902","chi","35162",30,14,46.7,112
"903","cle","33941",35,13,37.1,117
"904","cle","33958",32,12,37.5,94
"905","cle","33969",37,11,29.7,105
"906","cle","33987",32,16,50,128
"907","cle","34008",34,14,41.2,128
"908","cle","34020",38,14,36.8,102
"909","cle","34040",42,11,26.2,106
"910","cle","34062",33,14,42.4,105
"911","cle","34080",38,14,36.8,100
"912","cle","34093",33,13,39.4,121
"913","cle","34100",30,11,36.7,93
"914","cle","34116",25,11,44,104
"915","cle","34155",36,21,58.3,137
"916","cle","34167",43,20,46.5,128
"917","cle","34185",40,12,30,112
"918","cle","34202",39,14,35.9,101
"919","cle","34219",24,9,37.5,94
"920","cle","34226",26,10,38.5,105
"921","cle","34245",32,14,43.8,116
"922","cle","34267",40,22,55,126
"923","cle","34278",24,9,37.5,114
"924","cle","34289",31,13,41.9,116
"925","cle","34308",31,12,38.7,103
"926","cle","34319",25,9,36,85
"927","cle","34342",33,15,45.4,119
"928","cle","34363",40,17,42.5,114
"929","cle","34369",27,15,55.6,113
"930","cle","34384",35,8,22.9,119
"931","cle","34397",35,12,34.3,109
"932","cle","34404",28,11,39.3,90
"933","cle","34428",38,14,36.8,124
"934","cle","34444",31,14,45.2,121
"935","cle","34454",31,6,19.4,90
"936","cle","34472",25,8,32,94
"937","cle","34487",33,9,27.3,116
"938","cle","34505",34,15,44.1,120
"939","cle","34516",31,9,29,92
"940","cle","34525",30,9,30,86
"941","cle","34539",37,15,40.5,120
"942","cle","34559",34,9,26.5,91
"943","cle","34576",43,19,44.2,118
"944","cle","34597",34,13,38.2,115
"945","cle","34611",37,15,40.5,122
"946","cle","34620",38,15,39.5,112
"947","cle","34636",36,13,36.1,124
"948","cle","34652",29,8,27.6,107
"949","cle","34662",32,12,37.5,97
"950","cle","34671",37,15,40.5,125
"951","cle","34699",40,16,40,111
"952","cle","34709",38,19,50,140
"953","cle","34723",36,16,44.4,132
"954","cle","34736",21,10,47.6,109
"955","cle","34751",30,15,50,125
"956","cle","34772",39,13,33.3,116
"957","cle","34775",39,18,46.2,113
"958","cle","34793",38,15,39.5,119
"959","cle","34811",37,14,37.8,99
"960","cle","34824",27,10,37,102
"961","cle","34839",33,10,30.3,99
"962","cle","34853",46,25,54.4,135
"963","cle","34861",27,11,40.7,92
"964","cle","34876",27,9,33.3,98
"965","cle","34900",39,11,28.2,101
"966","cle","34917",39,15,38.5,116
"967","cle","34929",43,17,39.5,112
"968","cle","34939",30,19,63.3,128
"969","cle","34954",33,9,27.3,91
"970","cle","34971",27,5,18.5,78
"971","cle","34983",36,13,36.1,125
"972","cle","35004",37,15,40.5,113
"973","cle","35013",25,9,36,112
"974","cle","35023",33,12,36.4,115
"975","cle","35039",26,4,15.4,74
"976","cle","35062",27,10,37,93
"977","cle","35068",29,13,44.8,122
"978","cle","35091",43,18,41.9,135
"979","cle","35096",36,18,50,122
"980","cle","35109",36,11,30.6,114
"981","cle","35119",36,9,25,100
"982","cle","35137",46,19,41.3,125
"983","cle","35145",35,14,40,121
"984","cle","35158",37,10,27,83
"985","det","33947",22,4,18.2,91
"986","det","33960",19,7,36.8,108
"987","det","33978",20,5,25,98
"988","det","33990",13,8,61.5,102
"989","det","33997",25,9,36,101
"990","det","34022",20,7,35,103
"991","det","34038",12,4,33.3,82
"992","det","34053",22,9,40.9,100
"993","det","34067",25,5,20,86
"994","det","34078",18,4,22.2,106
"995","det","34087",16,5,31.2,104
"996","det","34102",23,8,34.8,102
"997","det","34116",19,6,31.6,81
"998","det","34128",20,7,35,92
"999","det","34143",17,7,41.2,96
"1000","det","34158",19,6,31.6,107
"1001","det","34170",19,9,47.4,108
"1002","det","34182",19,1,5.3,88
"1003","det","34200",28,12,42.9,112
"1004","det","34207",20,9,45,121
"1005","det","34228",29,17,58.6,121
"1006","det","34240",27,10,37,92
"1007","det","34257",21,8,38.1,102
"1008","det","34261",27,4,14.8,77
"1009","det","34282",29,14,48.3,117
"1010","det","34296",19,5,26.3,79
"1011","det","34321",17,5,29.4,95
"1012","det","34329",28,10,35.7,108
"1013","det","34340",30,10,33.3,90
"1014","det","34354",23,3,13,82
"1015","det","34371",23,6,26.1,86
"1016","det","34386",29,10,34.5,113
"1017","det","34404",28,16,57.1,106
"1018","det","34419",24,6,25,94
"1019","det","34438",31,9,29,98
"1020","det","34449",22,9,40.9,107
"1021","det","34463",29,10,34.5,116
"1022","det","34478",28,10,35.7,115
"1023","det","34499",25,8,32,125
"1024","det","34519",27,12,44.4,94
"1025","det","34531",28,6,21.4,107
"1026","det","34540",17,6,35.3,77
"1027","det","34552",25,9,36,102
"1028","det","34573",25,10,40,118
"1029","det","34591",28,11,39.3,113
"1030","det","34609",28,10,35.7,104
"1031","det","34645",12,4,33.3,103
"1032","det","34661",27,3,11.1,109
"1033","det","34675",26,10,38.5,118
"1034","det","34688",26,11,42.3,116
"1035","det","34697",17,6,35.3,84
"1036","det","34713",22,5,22.7,113
"1037","det","34726",16,4,25,121
"1038","det","34741",17,5,29.4,92
"1039","det","34758",31,8,25.8,102
"1040","det","34764",21,7,33.3,89
"1041","det","34779",20,6,30,98
"1042","det","34791",37,15,40.5,114
"1043","det","34819",33,12,36.4,98
"1044","det","34830",25,7,28,120
"1045","det","34841",23,3,13,86
"1046","det","34859",23,10,43.5,136
"1047","det","34878",21,6,28.6,109
"1048","det","34896",26,7,26.9,98
"1049","det","34900",26,9,34.6,106
"1050","det","34915",27,9,33.3,112
"1051","det","34939",19,4,21,96
"1052","det","34948",13,3,23.1,83
"1053","det","34963",20,3,15,75
"1054","det","34978",25,12,48,112
"1055","det","34992",23,5,21.7,96
"1056","det","35001",20,7,35,95
"1057","det","35014",22,2,9.1,87
"1058","det","35038",23,9,39.1,95
"1059","det","35047",27,8,29.6,96
"1060","det","35061",18,7,38.9,90
"1061","det","35070",30,7,23.3,105
"1062","det","35106",21,7,33.3,102
"1063","det","35122",26,9,34.6,114
"1064","det","35141",28,14,50,103
"1065","det","35148",26,10,38.5,101
"1066","det","35157",35,11,31.4,109
"1067","ind","33945",19,10,52.6,130
"1068","ind","33959",24,7,29.2,94
"1069","ind","33970",18,7,38.9,101
"1070","ind","33988",28,10,35.7,115
"1071","ind","34006",23,10,43.5,107
"1072","ind","34023",26,12,46.2,111
"1073","ind","34035",33,9,27.3,100
"1074","ind","34050",19,9,47.4,122
"1075","ind","34061",19,5,26.3,105
"1076","ind","34070",27,6,22.2,99
"1077","ind","34085",25,8,32,88
"1078","ind","34100",28,10,35.7,103
"1079","ind","34115",7,1,14.3,96
"1080","ind","34135",22,11,50,115
"1081","ind","34142",23,6,26.1,83
"1082","ind","34156",27,7,25.9,85
"1083","ind","34174",26,11,42.3,118
"1084","ind","34189",19,5,26.3,91
"1085","ind","34215",14,6,42.9,109
"1086","ind","34243",14,5,35.7,111
"1087","ind","34254",15,3,20,106
"1088","ind","34269",23,7,30.4,109
"1089","ind","34283",25,14,56,103
"1090","ind","34288",29,15,51.7,118
"1091","ind","34301",36,17,47.2,110
"1092","ind","34317",27,9,33.3,89
"1093","ind","34325",21,3,14.3,95
"1094","ind","34340",19,6,31.6,105
"1095","ind","34353",21,7,33.3,107
"1096","ind","34361",23,6,26.1,111
"1097","ind","34380",23,7,30.4,102
"1098","ind","34405",25,9,36,85
"1099","ind","34416",28,11,39.3,105
"1100","ind","34432",19,7,36.8,111
"1101","ind","34450",22,9,40.9,117
"1102","ind","34463",16,9,56.2,121
"1103","ind","34476",22,10,45.4,121
"1104","ind","34492",24,11,45.8,123
"1105","ind","34526",29,12,41.4,112
"1106","ind","34556",19,5,26.3,98
"1107","ind","34575",21,7,33.3,106
"1108","ind","34589",24,10,41.7,96
"1109","ind","34599",20,10,50,100
"1110","ind","34612",26,7,26.9,103
"1111","ind","34631",18,10,55.6,109
"1112","ind","34635",28,10,35.7,115
"1113","ind","34653",21,5,23.8,120
"1114","ind","34670",20,9,45,98
"1115","ind","34687",20,8,40,106
"1116","ind","34697",24,7,29.2,105
"1117","ind","34710",26,8,30.8,93
"1118","ind","34723",25,13,52,117
"1119","ind","34745",21,4,19,107
"1120","ind","34749",22,10,45.4,100
"1121","ind","34765",20,9,45,106
"1122","ind","34775",24,12,50,104
"1123","ind","34788",18,4,22.2,98
"1124","ind","34797",26,11,42.3,102
"1125","ind","34809",12,4,33.3,95
"1126","ind","34826",30,13,43.3,117
"1127","ind","34842",24,7,29.2,99
"1128","ind","34867",33,15,45.4,97
"1129","ind","34881",30,12,40,88
"1130","ind","34896",23,11,47.8,115
"1131","ind","34907",18,2,11.1,85
"1132","ind","34927",15,5,33.3,102
"1133","ind","34941",29,8,27.6,81
"1134","ind","34945",28,12,42.9,98
"1135","ind","34980",23,6,26.1,91
"1136","ind","34986",20,10,50,107
"1137","ind","35000",28,11,39.3,100
"1138","ind","35015",24,13,54.2,117
"1139","ind","35032",17,7,41.2,107
"1140","ind","35044",18,5,27.8,114
"1141","ind","35056",25,10,40,97
"1142","ind","35066",26,11,42.3,100
"1143","ind","35091",41,16,39,130
"1144","ind","35097",25,12,48,108
"1145","ind","35115",25,8,32,104
"1146","ind","35130",22,11,50,127
"1147","ind","35143",16,5,31.2,120
"1148","ind","35166",24,10,41.7,104
"1149","mil","33948",16,3,18.8,96
"1150","mil","33971",22,8,36.4,110
"1151","mil","33978",17,4,23.5,83
"1152","mil","33991",32,10,31.2,117
"1153","mil","34006",27,12,44.4,125
"1154","mil","34025",33,14,42.4,117
"1155","mil","34030",29,6,20.7,75
"1156","mil","34057",18,6,33.3,106
"1157","mil","34077",18,7,38.9,106
"1158","mil","34103",32,8,25,100
"1159","mil","34110",23,7,30.4,73
"1160","mil","34131",20,10,50,121
"1161","mil","34144",29,8,27.6,93
"1162","mil","34172",29,12,41.4,99
"1163","mil","34188",24,8,33.3,104
"1164","mil","34202",19,7,36.8,118
"1165","mil","34217",34,15,44.1,111
"1166","mil","34231",24,6,25,112
"1167","mil","34249",24,6,25,96
"1168","mil","34265",24,10,41.7,115
"1169","mil","34280",28,12,42.9,110
"1170","mil","34286",25,13,52,105
"1171","mil","34302",24,4,16.7,100
"1172","mil","34324",20,11,55,108
"1173","mil","34333",25,10,40,95
"1174","mil","34363",27,7,25.9,108
"1175","mil","34369",22,9,40.9,102
"1176","mil","34387",25,9,36,123
"1177","mil","34401",21,6,28.6,102
"1178","mil","34419",22,11,50,119
"1179","mil","34437",18,8,44.4,99
"1180","mil","34443",15,9,60,116
"1181","mil","34453",19,7,36.8,98
"1182","mil","34471",28,9,32.1,105
"1183","mil","34488",22,12,54.6,111
"1184","mil","34502",23,9,39.1,101
"1185","mil","34515",19,10,52.6,109
"1186","mil","34534",15,9,60,116
"1187","mil","34547",19,6,31.6,98
"1188","mil","34555",14,5,35.7,104
"1189","mil","34572",28,7,25,92
"1190","mil","34583",25,10,40,96
"1191","mil","34595",18,6,33.3,97
"1192","mil","34610",23,11,47.8,127
"1193","mil","34624",28,7,25,109
"1194","mil","34638",23,7,30.4,86
"1195","mil","34646",21,9,42.9,108
"1196","mil","34678",23,9,39.1,88
"1197","mil","34692",24,9,37.5,117
"1198","mil","34701",17,7,41.2,137
"1199","mil","34727",15,6,40,88
"1200","mil","34742",28,8,28.6,114
"1201","mil","34749",31,17,54.8,116
"1202","mil","34764",21,6,28.6,102
"1203","mil","34778",15,7,46.7,129
"1204","mil","34800",18,7,38.9,95
"1205","mil","34815",20,6,30,100
"1206","mil","34824",29,11,37.9,95
"1207","mil","34840",18,9,50,98
"1208","mil","34852",25,10,40,112
"1209","mil","34860",27,6,22.2,101
"1210","mil","34874",33,14,42.4,112
"1211","mil","34892",26,8,30.8,104
"1212","mil","34907",17,7,41.2,99
"1213","mil","34918",20,8,40,102
"1214","mil","34933",26,14,53.8,93
"1215","mil","34953",29,10,34.5,97
"1216","mil","34967",24,4,16.7,107
"1217","mil","34975",27,9,33.3,92
"1218","mil","34997",16,7,43.8,93
"1219","mil","35005",35,16,45.7,116
"1220","mil","35018",27,8,29.6,100
"1221","mil","35030",23,7,30.4,94
"1222","mil","35043",30,14,46.7,118
"1223","mil","35053",22,8,36.4,103
"1224","mil","35070",36,14,38.9,108
"1225","mil","35085",34,12,35.3,105
"1226","mil","35099",18,3,16.7,79
"1227","mil","35115",24,11,45.8,89
"1228","mil","35131",27,6,22.2,90
"1229","mil","35147",28,16,57.1,89
"1230","mil","35159",23,6,26.1,94
"1231","dal","33945",48,18,37.5,121
"1232","dal","33963",29,8,27.6,98
"1233","dal","33981",30,11,36.7,92
"1234","dal","34002",26,7,26.9,81
"1235","dal","34016",28,10,35.7,95
"1236","dal","34030",38,9,23.7,86
"1237","dal","34044",23,10,43.5,109
"1238","dal","34056",28,6,21.4,95
"1239","dal","34086",27,5,18.5,77
"1240","dal","34101",23,8,34.8,83
"1241","dal","34120",25,5,20,64
"1242","dal","34127",28,13,46.4,87
"1243","dal","34146",27,8,29.6,91
"1244","dal","34160",24,11,45.8,104
"1245","dal","34167",35,8,22.9,90
"1246","dal","34190",27,10,37,91
"1247","dal","34212",30,10,33.3,87
"1248","dal","34216",31,9,29,87
"1249","dal","34236",31,13,41.9,107
"1250","dal","34252",36,13,36.1,101
"1251","dal","34268",30,10,33.3,89
"1252","dal","34283",32,15,46.9,111
"1253","dal","34292",34,11,32.4,87
"1254","dal","34305",26,12,46.2,112
"1255","dal","34321",25,8,32,85
"1256","dal","34338",28,12,42.9,100
"1257","dal","34351",33,13,39.4,99
"1258","dal","34357",25,14,56,107
"1259","dal","34376",31,7,22.6,96
"1260","dal","34395",29,7,24.1,90
"1261","dal","34406",32,13,40.6,104
"1262","dal","34414",38,15,39.5,107
"1263","dal","34431",31,14,45.2,101
"1264","dal","34441",32,8,25,99
"1265","dal","34464",32,17,53.1,113
"1266","dal","34481",29,9,31,95
"1267","dal","34497",36,9,25,82
"1268","dal","34510",28,13,46.4,92
"1269","dal","34530",34,15,44.1,113
"1270","dal","34548",29,12,41.4,98
"1271","dal","34564",28,11,39.3,99
"1272","dal","34577",36,14,38.9,95
"1273","dal","34588",23,8,34.8,107
"1274","dal","34602",39,17,43.6,122
"1275","dal","34628",26,6,23.1,103
"1276","dal","34630",26,11,42.3,98
"1277","dal","34657",34,12,35.3,105
"1278","dal","34662",32,9,28.1,104
"1279","dal","34676",26,10,38.5,113
"1280","dal","34694",31,17,54.8,108
"1281","dal","34716",26,8,30.8,87
"1282","dal","34721",28,12,42.9,113
"1283","dal","34737",20,5,25,112
"1284","dal","34754",35,17,48.6,112
"1285","dal","34766",27,9,33.3,98
"1286","dal","34779",36,10,27.8,91
"1287","dal","34802",33,8,24.2,84
"1288","dal","34810",26,12,46.2,96
"1289","dal","34827",18,9,50,96
"1290","dal","34837",33,14,42.4,95
"1291","dal","34854",27,5,18.5,104
"1292","dal","34872",25,7,28,104
"1293","dal","34887",31,17,54.8,122
"1294","dal","34911",33,14,42.4,105
"1295","dal","34922",26,9,34.6,98
"1296","dal","34932",25,7,28,78
"1297","dal","34944",32,14,43.8,112
"1298","dal","34960",23,5,21.7,74
"1299","dal","34976",25,10,40,111
"1300","dal","34995",34,11,32.4,87
"1301","dal","35009",26,9,34.6,97
"1302","dal","35024",28,7,25,86
"1303","dal","35040",29,10,34.5,91
"1304","dal","35057",27,14,51.8,118
"1305","dal","35071",34,12,35.3,90
"1306","dal","35085",36,14,38.9,109
"1307","dal","35103",43,12,27.9,87
"1308","dal","35112",31,11,35.5,101
"1309","dal","35123",27,8,29.6,89
"1310","dal","35139",45,16,35.6,111
"1311","dal","35154",40,12,30,91
"1312","dal","35163",34,9,26.5,100
"1313","hou","33953",29,7,24.1,114
"1314","hou","33963",32,15,46.9,106
"1315","hou","33981",31,11,35.5,93
"1316","hou","33987",44,17,38.6,120
"1317","hou","33998",40,15,37.5,118
"1318","hou","34024",36,12,33.3,97
"1319","hou","34034",37,17,46,114
"1320","hou","34054",30,10,33.3,101
"1321","hou","34074",47,15,31.9,100
"1322","hou","34089",40,17,42.5,115
"1323","hou","34104",40,14,35,103
"1324","hou","34111",32,14,43.8,126
"1325","hou","34124",32,12,37.5,111
"1326","hou","34143",31,10,32.3,99
"1327","hou","34159",42,14,33.3,102
"1328","hou","34179",50,21,42,117
"1329","hou","34191",36,17,47.2,130
"1330","hou","34205",30,11,36.7,101
"1331","hou","34221",44,14,31.8,132
"1332","hou","34230",37,17,46,128
"1333","hou","34251",38,12,31.6,107
"1334","hou","34266",36,15,41.7,134
"1335","hou","34281",42,11,26.2,102
"1336","hou","34292",37,19,51.4,109
"1337","hou","34304",43,17,39.5,122
"1338","hou","34320",42,22,52.4,132
"1339","hou","34335",61,24,39.3,122
"1340","hou","34343",51,17,33.3,111
"1341","hou","34365",38,6,15.8,100
"1342","hou","34375",38,18,47.4,125
"1343","hou","34388",52,20,38.5,109
"1344","hou","34407",43,15,34.9,131
"1345","hou","34414",32,17,53.1,123
"1346","hou","34436",40,14,35,140
"1347","hou","34445",55,21,38.2,129
"1348","hou","34458",39,12,30.8,101
"1349","hou","34480",39,15,38.5,118
"1350","hou","34485",49,15,30.6,100
"1351","hou","34503",38,11,29,129
"1352","hou","34514",39,17,43.6,121
"1353","hou","34522",42,15,35.7,105
"1354","hou","34535",41,10,24.4,105
"1355","hou","34549",44,21,47.7,137
"1356","hou","34563",39,9,23.1,103
"1357","hou","34572",44,14,31.8,111
"1358","hou","34586",35,7,20,108
"1359","hou","34596",42,16,38.1,119
"1360","hou","34610",35,14,40,114
"1361","hou","34621",31,10,32.3,109
"1362","hou","34634",31,12,38.7,123
"1363","hou","34653",39,11,28.2,101
"1364","hou","34666",45,14,31.1,105
"1365","hou","34683",51,13,25.5,108
"1366","hou","34689",43,16,37.2,121
"1367","hou","34720",38,16,42.1,128
"1368","hou","34734",40,13,32.5,107
"1369","hou","34753",36,18,50,133
"1370","hou","34781",40,13,32.5,109
"1371","hou","34792",51,20,39.2,129
"1372","hou","34812",58,22,37.9,142
"1373","hou","34826",45,10,22.2,108
"1374","hou","34844",52,20,38.5,122
"1375","hou","34864",42,18,42.9,123
"1376","hou","34882",39,14,35.9,110
"1377","hou","34894",32,8,25,108
"1378","hou","34906",47,15,31.9,115
"1379","hou","34929",45,16,35.6,117
"1380","hou","34950",43,18,41.9,139
"1381","hou","34964",40,13,32.5,112
"1382","hou","34974",24,5,20.8,109
"1383","hou","34988",38,17,44.7,125
"1384","hou","35019",39,14,35.9,117
"1385","hou","35031",39,20,51.3,137
"1386","hou","35048",31,5,16.1,106
"1387","hou","35065",34,8,23.5,107
"1388","hou","35076",37,12,32.4,98
"1389","hou","35093",38,14,36.8,123
"1390","hou","35108",34,10,29.4,110
"1391","hou","35122",51,16,31.4,109
"1392","hou","35140",43,18,41.9,135
"1393","hou","35150",40,9,22.5,96
"1394","hou","35164",56,19,33.9,123
"1395","mem","33949",24,11,45.8,102
"1396","mem","33968",25,9,36,104
"1397","mem","33979",31,15,48.4,112
"1398","mem","33992",24,4,16.7,80
"1399","mem","34000",27,8,29.6,89
"1400","mem","34014",26,9,34.6,88
"1401","mem","34028",26,6,23.1,94
"1402","mem","34042",24,7,29.2,108
"1403","mem","34077",30,6,20,96
"1404","mem","34091",21,8,38.1,102
"1405","mem","34107",26,15,57.7,111
"1406","mem","34120",25,9,36,80
"1407","mem","34130",18,2,11.1,93
"1408","mem","34141",26,12,46.2,105
"1409","mem","34152",29,10,34.5,104
"1410","mem","34173",19,4,21,81
"1411","mem","34183",25,9,36,110
"1412","mem","34197",29,7,24.1,85
"1413","mem","34208",27,11,40.7,105
"1414","mem","34218",18,7,38.9,95
"1415","mem","34235",30,10,33.3,103
"1416","mem","34250",34,13,38.2,110
"1417","mem","34258",17,2,11.8,96
"1418","mem","34273",20,6,30,88
"1419","mem","34291",26,8,30.8,110
"1420","mem","34308",22,4,18.2,86
"1421","mem","34319",23,12,52.2,93
"1422","mem","34334",25,5,20,92
"1423","mem","34347",23,2,8.7,73
"1424","mem","34364",30,12,40,109
"1425","mem","34371",30,12,40,98
"1426","mem","34388",25,13,52,115
"1427","mem","34402",25,10,40,102
"1428","mem","34412",30,9,30,103
"1429","mem","34427",22,13,59.1,114
"1430","mem","34442",35,17,48.6,112
"1431","mem","34468",31,10,32.3,102
"1432","mem","34473",28,11,39.3,106
"1433","mem","34490",33,13,39.4,128
"1434","mem","34504",24,9,37.5,88
"1435","mem","34521",24,7,29.2,95
"1436","mem","34535",27,10,37,110
"1437","mem","34551",32,11,34.4,104
"1438","mem","34568",25,8,32,101
"1439","mem","34584",28,11,39.3,107
"1440","mem","34596",34,9,26.5,95
"1441","mem","34625",22,10,45.4,101
"1442","mem","34643",26,9,34.6,109
"1443","mem","34648",26,11,42.3,102
"1444","mem","34663",28,16,57.1,115
"1445","mem","34677",30,14,46.7,119
"1446","mem","34690",19,3,15.8,102
"1447","mem","34703",28,10,35.7,107
"1448","mem","34717",19,4,21,89
"1449","mem","34728",24,14,58.3,110
"1450","mem","34743",26,9,34.6,107
"1451","mem","34762",22,9,40.9,112
"1452","mem","34780",33,6,18.2,91
"1453","mem","34797",27,9,33.3,92
"1454","mem","34816",33,11,33.3,105
"1455","mem","34832",25,12,48,130
"1456","mem","34854",28,9,32.1,100
"1457","mem","34864",28,8,28.6,108
"1458","mem","34879",25,10,40,109
"1459","mem","34901",20,7,35,98
"1460","mem","34921",29,5,17.2,90
"1461","mem","34933",27,14,51.8,113
"1462","mem","34949",31,11,35.5,98
"1463","mem","34957",28,10,35.7,103
"1464","mem","34973",30,13,43.3,104
"1465","mem","34994",35,9,25.7,82
"1466","mem","35010",29,10,34.5,90
"1467","mem","35034",29,8,27.6,94
"1468","mem","35041",26,5,19.2,90
"1469","mem","35056",32,12,37.5,110
"1470","mem","35071",27,11,40.7,99
"1471","mem","35084",30,13,43.3,103
"1472","mem","35101",25,8,32,89
"1473","mem","35107",26,9,34.6,100
"1474","mem","35121",27,15,55.6,101
"1475","mem","35141",21,9,42.9,90
"1476","mem","35163",25,8,32,93
"1477","nop","33950",19,3,15.8,102
"1478","nop","33965",22,5,22.7,114
"1479","nop","33972",22,4,18.2,79
"1480","nop","33991",26,9,34.6,113
"1481","nop","34000",34,11,32.4,83
"1482","nop","34015",30,10,33.3,111
"1483","nop","34039",21,7,33.3,106
"1484","nop","34045",21,5,23.8,94
"1485","nop","34057",25,9,36,112
"1486","nop","34069",20,6,30,99
"1487","nop","34088",21,6,28.6,106
"1488","nop","34099",21,7,33.3,82
"1489","nop","34117",24,9,37.5,113
"1490","nop","34125",36,14,38.9,121
"1491","nop","34149",25,11,44,112
"1492","nop","34162",24,9,37.5,117
"1493","nop","34177",23,13,56.5,104
"1494","nop","34190",20,5,25,81
"1495","nop","34203",31,8,25.8,105
"1496","nop","34227",20,5,25,96
"1497","nop","34241",28,6,21.4,92
"1498","nop","34250",32,10,31.2,108
"1499","nop","34274",25,7,28,88
"1500","nop","34295",19,8,42.1,105
"1501","nop","34299",40,16,40,120
"1502","nop","34311",35,14,40,109
"1503","nop","34325",27,10,37,102
"1504","nop","34335",27,9,33.3,100
"1505","nop","34352",26,10,38.5,100
"1506","nop","34358",17,10,58.8,108
"1507","nop","34373",20,8,40,110
"1508","nop","34389",28,11,39.3,91
"1509","nop","34406",25,12,48,111
"1510","nop","34435",29,12,41.4,104
"1511","nop","34454",26,11,42.3,82
"1512","nop","34479",35,15,42.9,94
"1513","nop","34493",31,10,32.3,108
"1514","nop","34508",27,12,44.4,110
"1515","nop","34527",32,11,34.4,104
"1516","nop","34542",23,7,30.4,99
"1517","nop","34556",25,10,40,95
"1518","nop","34571",36,15,41.7,118
"1519","nop","34585",34,11,32.4,114
"1520","nop","34611",39,16,41,124
"1521","nop","34626",27,11,40.7,105
"1522","nop","34641",30,13,43.3,119
"1523","nop","34654",32,10,31.2,94
"1524","nop","34665",30,12,40,106
"1525","nop","34675",21,5,23.8,98
"1526","nop","34695",17,5,29.4,91
"1527","nop","34714",26,9,34.6,111
"1528","nop","34729",24,5,20.8,94
"1529","nop","34744",25,12,48,122
"1530","nop","34759",31,13,41.9,99
"1531","nop","34769",28,8,28.6,110
"1532","nop","34780",18,8,44.4,95
"1533","nop","34792",31,6,19.4,99
"1534","nop","34810",24,5,20.8,83
"1535","nop","34820",21,8,38.1,110
"1536","nop","34841",25,9,36,109
"1537","nop","34857",25,8,32,98
"1538","nop","34873",24,9,37.5,105
"1539","nop","34884",33,10,30.3,83
"1540","nop","34893",29,9,31,87
"1541","nop","34916",34,14,41.2,125
"1542","nop","34942",21,6,28.6,100
"1543","nop","34947",22,9,40.9,112
"1544","nop","34964",34,12,35.3,128
"1545","nop","34979",30,14,46.7,123
"1546","nop","34994",29,9,31,95
"1547","nop","35019",38,14,36.8,107
"1548","nop","35035",27,9,33.3,115
"1549","nop","35042",25,10,40,100
"1550","nop","35057",30,12,40,121
"1551","nop","35072",33,10,30.3,117
"1552","nop","35087",30,10,33.3,110
"1553","nop","35098",32,14,43.8,131
"1554","nop","35124",23,3,13,106
"1555","nop","35135",21,5,23.8,101
"1556","nop","35155",22,7,31.8,96
"1557","nop","35170",24,8,33.3,103
"1558","nop","40246",29,10,34.5,102
"1559","sas","33943",24,12,50,129
"1560","sas","33956",18,6,33.3,102
"1561","sas","33972",24,10,41.7,98
"1562","sas","33977",18,10,55.6,106
"1563","sas","33993",20,6,30,91
"1564","sas","34017",20,6,30,100
"1565","sas","34026",25,10,40,92
"1566","sas","34054",23,7,30.4,99
"1567","sas","34067",20,9,45,96
"1568","sas","34074",18,5,27.8,106
"1569","sas","34090",15,8,53.3,94
"1570","sas","34108",30,11,36.7,110
"1571","sas","34122",24,10,41.7,116
"1572","sas","34146",20,8,40,96
"1573","sas","34153",31,13,41.9,119
"1574","sas","34165",24,11,45.8,109
"1575","sas","34180",24,9,37.5,112
"1576","sas","34204",20,5,25,83
"1577","sas","34212",19,11,57.9,94
"1578","sas","34229",20,8,40,107
"1579","sas","34249",28,8,28.6,97
"1580","sas","34259",24,11,45.8,105
"1581","sas","34276",28,9,32.1,91
"1582","sas","34293",26,14,53.8,130
"1583","sas","34323",22,8,36.4,108
"1584","sas","34352",22,11,50,113
"1585","sas","34365",23,12,52.2,102
"1586","sas","34381",19,6,31.6,101
"1587","sas","34394",20,12,60,110
"1588","sas","34398",18,9,50,119
"1589","sas","34422",17,5,29.4,119
"1590","sas","34439",22,11,50,110
"1591","sas","34448",27,9,33.3,112
"1592","sas","34465",24,13,54.2,110
"1593","sas","34483",24,12,50,127
"1594","sas","34498",34,13,38.2,102
"1595","sas","34515",30,12,40,107
"1596","sas","34529",21,10,47.6,134
"1597","sas","34543",20,9,45,105
"1598","sas","34565",18,8,44.4,122
"1599","sas","34579",22,9,40.9,118
"1600","sas","34597",26,10,38.5,118
"1601","sas","34606",22,9,40.9,112
"1602","sas","34614",24,7,29.2,108
"1603","sas","34641",28,12,42.9,103
"1604","sas","34657",22,8,36.4,101
"1605","sas","34667",21,7,33.3,108
"1606","sas","34684",21,6,28.6,102
"1607","sas","34702",21,10,47.6,121
"1608","sas","34717",19,4,21,74
"1609","sas","34722",22,11,50,111
"1610","sas","34741",19,9,47.4,103
"1611","sas","34757",29,6,20.7,90
"1612","sas","34765",15,7,46.7,110
"1613","sas","34774",31,8,25.8,107
"1614","sas","34805",26,9,34.6,105
"1615","sas","34814",21,10,47.6,119
"1616","sas","34842",29,9,31,100
"1617","sas","34857",27,6,22.2,101
"1618","sas","34865",24,6,25,97
"1619","sas","34882",27,11,40.7,112
"1620","sas","34897",29,14,48.3,114
"1621","sas","34902",19,6,31.6,92
"1622","sas","34920",27,12,44.4,107
"1623","sas","34934",34,16,47.1,107
"1624","sas","34951",26,11,42.3,106
"1625","sas","34973",28,9,32.1,96
"1626","sas","34982",28,11,39.3,118
"1627","sas","34996",24,8,33.3,100
"1628","sas","35010",26,8,30.8,97
"1629","sas","35025",25,10,40,106
"1630","sas","35039",26,7,26.9,103
"1631","sas","35058",24,9,37.5,98
"1632","sas","35075",27,9,33.3,100
"1633","sas","35086",19,10,52.6,109
"1634","sas","35101",21,11,52.4,95
"1635","sas","35110",35,13,37.1,95
"1636","sas","35123",28,9,32.1,102
"1637","sas","35133",22,8,36.4,87
"1638","sas","35149",21,8,38.1,98
"1639","sas","35167",21,8,38.1,97
"1640","sas","40235",16,5,31.2,107
"1641","atl","33954",26,12,46.2,114
"1642","atl","33966",20,5,25,104
"1643","atl","33984",30,11,36.7,106
"1644","atl","33999",32,11,34.4,116
"1645","atl","34010",25,5,20,92
"1646","atl","34024",20,8,40,112
"1647","atl","34040",29,11,37.9,110
"1648","atl","34051",20,9,45,115
"1649","atl","34072",32,13,40.6,117
"1650","atl","34094",17,6,35.3,93
"1651","atl","34103",32,10,31.2,107
"1652","atl","34114",28,7,25,96
"1653","atl","34133",21,6,28.6,94
"1654","atl","34149",29,10,34.5,94
"1655","atl","34156",20,5,25,96
"1656","atl","34171",25,8,32,68
"1657","atl","34192",35,12,34.3,94
"1658","atl","34199",29,7,24.1,100
"1659","atl","34214",25,9,36,107
"1660","atl","34228",24,6,25,85
"1661","atl","34233",28,7,25,84
"1662","atl","34247",22,7,31.8,99
"1663","atl","34264",19,4,21,103
"1664","atl","34280",34,12,35.3,114
"1665","atl","34309",28,11,39.3,120
"1666","atl","34332",25,11,44,125
"1667","atl","34341",26,10,38.5,99
"1668","atl","34355",23,9,39.1,110
"1669","atl","34370",26,7,26.9,84
"1670","atl","34391",25,8,32,109
"1671","atl","34408",32,8,25,90
"1672","atl","34418",27,7,25.9,102
"1673","atl","34438",26,8,30.8,105
"1674","atl","34448",28,14,50,114
"1675","atl","34470",19,10,52.6,111
"1676","atl","34479",23,9,39.1,99
"1677","atl","34497",22,11,50,97
"1678","atl","34513",23,7,30.4,117
"1679","atl","34537",29,11,37.9,101
"1680","atl","34547",26,13,50,111
"1681","atl","34553",32,12,37.5,108
"1682","atl","34573",25,6,24,95
"1683","atl","34587",22,9,40.9,102
"1684","atl","34593",20,7,35,110
"1685","atl","34607",29,9,31,105
"1686","atl","34623",30,17,56.7,119
"1687","atl","34642",31,9,29,86
"1688","atl","34651",31,10,32.3,142
"1689","atl","34674",26,7,26.9,93
"1690","atl","34683",30,8,26.7,113
"1691","atl","34696",28,10,35.7,113
"1692","atl","34712",17,6,35.3,95
"1693","atl","34725",27,8,29.6,117
"1694","atl","34747",30,11,36.7,107
"1695","atl","34770",28,8,28.6,109
"1696","atl","34786",26,7,26.9,84
"1697","atl","34803",20,6,30,90
"1698","atl","34807",25,8,32,86
"1699","atl","34825",25,6,24,114
"1700","atl","34837",21,10,47.6,100
"1701","atl","34853",26,10,38.5,130
"1702","atl","34867",27,9,33.3,96
"1703","atl","34877",28,13,46.4,111
"1704","atl","34890",20,4,20,110
"1705","atl","34909",22,8,36.4,105
"1706","atl","34921",30,15,50,107
"1707","atl","34934",22,6,27.3,99
"1708","atl","34957",27,8,29.6,91
"1709","atl","34969",26,7,26.9,97
"1710","atl","34984",37,12,32.4,90
"1711","atl","35003",25,8,32,100
"1712","atl","35018",22,8,36.4,97
"1713","atl","35028",27,5,18.5,92
"1714","atl","35046",27,6,22.2,95
"1715","atl","35051",18,9,50,99
"1716","atl","35078",28,11,39.3,104
"1717","atl","35089",24,7,29.2,82
"1718","atl","35117",23,11,47.8,123
"1719","atl","35119",37,16,43.2,114
"1720","atl","35137",31,9,29,126
"1721","atl","35152",27,7,25.9,103
"1722","atl","35166",29,11,37.9,86
"1723","cha","33948",23,7,30.4,107
"1724","cha","33962",22,7,31.8,97
"1725","cha","33967",32,9,28.1,98
"1726","cha","33996",34,13,38.2,109
"1727","cha","34012",30,10,33.3,99
"1728","cha","34035",32,12,37.5,122
"1729","cha","34048",26,8,30.8,104
"1730","cha","34063",41,17,41.5,111
"1731","cha","34080",29,11,37.9,93
"1732","cha","34095",24,11,45.8,115
"1733","cha","34114",29,10,34.5,100
"1734","cha","34125",43,15,34.9,116
"1735","cha","34141",31,9,29,90
"1736","cha","34153",20,11,55,114
"1737","cha","34168",29,8,27.6,111
"1738","cha","34181",22,8,36.4,107
"1739","cha","34197",26,9,34.6,104
"1740","cha","34200",27,9,33.3,89
"1741","cha","34216",18,5,27.8,97
"1742","cha","34232",36,14,38.9,120
"1743","cha","34252",18,3,16.7,109
"1744","cha","34261",21,6,28.6,87
"1745","cha","34277",22,9,40.9,109
"1746","cha","34289",27,10,37,105
"1747","cha","34301",26,10,38.5,94
"1748","cha","34315",33,14,42.4,106
"1749","cha","34331",30,8,26.7,88
"1750","cha","34341",27,12,44.4,107
"1751","cha","34359",25,11,44,117
"1752","cha","34382",18,5,27.8,103
"1753","cha","34403",26,8,30.8,118
"1754","cha","34417",24,10,41.7,120
"1755","cha","34426",26,5,19.2,91
"1756","cha","34444",24,9,37.5,109
"1757","cha","34457",19,9,47.4,111
"1758","cha","34469",24,9,37.5,123
"1759","cha","34478",26,10,38.5,114
"1760","cha","34498",21,4,19,85
"1761","cha","34514",43,19,44.2,114
"1762","cha","34532",23,6,26.1,93
"1763","cha","34558",25,8,32,98
"1764","cha","34569",26,11,42.3,107
"1765","cha","34582",25,12,48,113
"1766","cha","34592",29,14,48.3,112
"1767","cha","34605",32,8,25,99
"1768","cha","34627",23,7,30.4,103
"1769","cha","34639",37,13,35.1,107
"1770","cha","34644",37,12,32.4,106
"1771","cha","34668",31,11,35.5,98
"1772","cha","34681",30,9,30,111
"1773","cha","34700",33,13,39.4,98
"1774","cha","34719",26,7,26.9,111
"1775","cha","34734",26,8,30.8,95
"1776","cha","34748",37,13,35.1,102
"1777","cha","34761",31,11,35.5,99
"1778","cha","34777",38,13,34.2,85
"1779","cha","34791",30,7,23.3,108
"1780","cha","34806",38,14,36.8,99
"1781","cha","34821",40,18,45,121
"1782","cha","34834",39,16,41,109
"1783","cha","34847",34,10,29.4,103
"1784","cha","34863",27,16,59.3,112
"1785","cha","34881",31,11,35.5,100
"1786","cha","34891",21,7,33.3,101
"1787","cha","34905",21,10,47.6,121
"1788","cha","34916",46,13,28.3,122
"1789","cha","34931",29,7,24.1,109
"1790","cha","34945",23,3,13,77
"1791","cha","34970",24,9,37.5,98
"1792","cha","34984",30,12,40,105
"1793","cha","34999",27,9,33.3,109
"1794","cha","35013",38,10,26.3,105
"1795","cha","35027",30,14,46.7,120
"1796","cha","35043",28,7,25,108
"1797","cha","35054",32,16,50,110
"1798","cha","35067",36,17,47.2,122
"1799","cha","35083",30,11,36.7,113
"1800","cha","35095",34,12,35.3,111
"1801","cha","35105",25,8,32,99
"1802","cha","35129",28,9,32.1,114
"1803","cha","35147",18,5,27.8,79
"1804","cha","35152",23,3,13,76
"1805","mia","33944",16,4,25,108
"1806","mia","33962",34,14,41.2,91
"1807","mia","33977",20,7,35,99
"1808","mia","33989",29,13,44.8,108
"1809","mia","34011",28,9,32.1,87
"1810","mia","34037",17,4,23.5,85
"1811","mia","34058",29,13,44.8,95
"1812","mia","34076",17,5,29.4,91
"1813","mia","34090",15,4,26.7,90
"1814","mia","34094",23,7,30.4,90
"1815","mia","34110",30,7,23.3,96
"1816","mia","34126",27,13,48.2,114
"1817","mia","34139",31,7,22.6,94
"1818","mia","34158",26,7,26.9,84
"1819","mia","34173",31,12,38.7,90
"1820","mia","34183",31,11,35.5,107
"1821","mia","34196",30,6,20,104
"1822","mia","34213",24,9,37.5,106
"1823","mia","34220",19,8,42.1,111
"1824","mia","34238",22,6,27.3,92
"1825","mia","34256",25,11,44,103
"1826","mia","34264",27,11,40.7,95
"1827","mia","34278",27,6,22.2,84
"1828","mia","34290",20,5,25,100
"1829","mia","34303",26,9,34.6,112
"1830","mia","34317",25,7,28,95
"1831","mia","34337",27,6,22.2,98
"1832","mia","34350",24,9,37.5,95
"1833","mia","34362",30,12,40,130
"1834","mia","34379",22,11,50,115
"1835","mia","34389",20,8,40,87
"1836","mia","34413",23,7,30.4,94
"1837","mia","34426",28,10,35.7,82
"1838","mia","34434",28,11,39.3,114
"1839","mia","34449",26,14,53.8,98
"1840","mia","34467",23,6,26.1,90
"1841","mia","34475",28,12,42.9,107
"1842","mia","34489",32,8,25,100
"1843","mia","34501",27,7,25.9,86
"1844","mia","34518",30,6,20,95
"1845","mia","34534",32,12,37.5,108
"1846","mia","34563",29,9,31,109
"1847","mia","34577",20,9,45,99
"1848","mia","34595",30,13,43.3,109
"1849","mia","34608",30,13,43.3,105
"1850","mia","34622",23,11,47.8,109
"1851","mia","34640",24,9,37.5,100
"1852","mia","34645",28,14,50,116
"1853","mia","34659",26,11,42.3,104
"1854","mia","34674",32,12,37.5,116
"1855","mia","34698",22,12,54.6,125
"1856","mia","34715",28,15,53.6,115
"1857","mia","34727",33,11,33.3,106
"1858","mia","34739",23,7,30.4,108
"1859","mia","34750",23,7,30.4,109
"1860","mia","34763",22,6,27.3,107
"1861","mia","34781",35,13,37.1,117
"1862","mia","34803",37,17,46,108
"1863","mia","34809",31,13,41.9,113
"1864","mia","34827",26,9,34.6,89
"1865","mia","34838",30,13,43.3,125
"1866","mia","34851",28,8,28.6,99
"1867","mia","34861",34,18,52.9,120
"1868","mia","34876",35,16,45.7,106
"1869","mia","34891",41,17,41.5,108
"1870","mia","34919",28,11,39.3,104
"1871","mia","34927",32,9,28.1,98
"1872","mia","34947",35,16,45.7,120
"1873","mia","34965",26,8,30.8,123
"1874","mia","34981",31,9,29,104
"1875","mia","34993",27,11,40.7,112
"1876","mia","35008",23,6,26.1,84
"1877","mia","35033",29,7,24.1,108
"1878","mia","35047",21,5,23.8,97
"1879","mia","35055",25,12,48,105
"1880","mia","35073",33,8,24.2,94
"1881","mia","35090",26,13,50,113
"1882","mia","35105",40,21,52.5,112
"1883","mia","35120",23,8,34.8,94
"1884","mia","35132",18,7,38.9,106
"1885","mia","35145",33,12,36.4,124
"1886","mia","35161",24,8,33.3,110
"1887","orl","33944",18,6,33.3,96
"1888","orl","33960",26,8,30.8,82
"1889","orl","33969",28,8,28.6,99
"1890","orl","33986",25,6,24,103
"1891","orl","34005",30,10,33.3,102
"1892","orl","34021",28,9,32.1,88
"1893","orl","34036",30,9,30,80
"1894","orl","34049",24,8,33.3,107
"1895","orl","34064",20,8,40,74
"1896","orl","34081",24,11,45.8,119
"1897","orl","34085",25,5,20,69
"1898","orl","34099",27,10,37,89
"1899","orl","34127",21,8,38.1,95
"1900","orl","34144",25,7,28,89
"1901","orl","34154",25,7,28,87
"1902","orl","34166",23,7,30.4,91
"1903","orl","34188",28,7,25,96
"1904","orl","34204",15,6,40,95
"1905","orl","34218",24,6,25,94
"1906","orl","34222",26,13,50,105
"1907","orl","34240",23,7,30.4,98
"1908","orl","34255",26,12,46.2,124
"1909","orl","34262",26,11,42.3,87
"1910","orl","34277",34,9,26.5,88
"1911","orl","34287",27,11,40.7,113
"1912","orl","34309",34,15,44.1,131
"1913","orl","34316",33,14,42.4,108
"1914","orl","34330",29,7,24.1,118
"1915","orl","34349",21,3,14.3,79
"1916","orl","34362",22,11,50,136
"1917","orl","34378",27,5,18.5,95
"1918","orl","34383",27,11,40.7,109
"1919","orl","34402",26,13,50,112
"1920","orl","34417",34,9,26.5,101
"1921","orl","34450",38,10,26.3,104
"1922","orl","34456",31,15,48.4,115
"1923","orl","34470",28,9,32.1,92
"1924","orl","34485",23,8,34.8,93
"1925","orl","34507",26,7,26.9,95
"1926","orl","34524",27,6,22.2,96
"1927","orl","34538",18,10,55.6,115
"1928","orl","34545",34,12,35.3,107
"1929","orl","34557",25,8,32,112
"1930","orl","34571",32,11,34.4,98
"1931","orl","34583",28,8,28.6,112
"1932","orl","34601",28,7,25,98
"1933","orl","34617",22,7,31.8,92
"1934","orl","34637",25,9,36,98
"1935","orl","34655",23,10,43.5,114
"1936","orl","34660",35,10,28.6,105
"1937","orl","34670",24,6,25,88
"1938","orl","34686",14,5,35.7,102
"1939","orl","34696",27,7,25.9,86
"1940","orl","34720",25,6,24,104
"1941","orl","34735",21,10,47.6,111
"1942","orl","34754",23,3,13,80
"1943","orl","34763",14,8,57.1,116
"1944","orl","34774",18,4,22.2,79
"1945","orl","34790",22,7,31.8,103
"1946","orl","34807",27,8,29.6,105
"1947","orl","34835",25,5,20,90
"1948","orl","34851",17,5,29.4,110
"1949","orl","34870",35,14,40,114
"1950","orl","34875",32,9,28.1,105
"1951","orl","34889",25,7,28,98
"1952","orl","34905",27,5,18.5,81
"1953","orl","34917",21,4,19,104
"1954","orl","34937",34,13,38.2,115
"1955","orl","34959",27,7,25.9,92
"1956","orl","34966",23,7,30.4,109
"1957","orl","34985",23,4,17.4,112
"1958","orl","34999",40,14,35,102
"1959","orl","35014",26,12,46.2,115
"1960","orl","35037",20,4,20,112
"1961","orl","35052",30,9,30,106
"1962","orl","35069",30,12,40,116
"1963","orl","35079",25,10,40,111
"1964","orl","35096",33,11,33.3,102
"1965","orl","35114",25,9,36,115
"1966","orl","35130",30,14,46.7,112
"1967","orl","35146",27,5,18.5,75
"1968","orl","35157",25,13,52,113
"1969","was","33954",20,6,30,99
"1970","was","33979",25,5,20,103
"1971","was","33995",10,3,30,103
"1972","was","34010",20,5,25,95
"1973","was","34021",17,6,35.3,86
"1974","was","34034",27,10,37,106
"1975","was","34047",21,10,47.6,118
"1976","was","34062",15,3,20,94
"1977","was","34073",13,4,30.8,95
"1978","was","34098",23,8,34.8,102
"1979","was","34109",25,15,60,119
"1980","was","34126",27,11,40.7,111
"1981","was","34140",28,10,35.7,106
"1982","was","34166",29,6,20.7,94
"1983","was","34180",22,6,27.3,100
"1984","was","34193",25,10,40,101
"1985","was","34210",28,10,35.7,115
"1986","was","34229",11,7,63.6,105
"1987","was","34246",34,14,41.2,118
"1988","was","34255",23,11,47.8,116
"1989","was","34272",19,6,31.6,92
"1990","was","34286",21,8,38.1,110
"1991","was","34303",23,5,21.7,101
"1992","was","34315",18,5,27.8,109
"1993","was","34329",25,12,48,122
"1994","was","34346",19,10,52.6,117
"1995","was","34353",33,8,24.2,105
"1996","was","34372",18,3,16.7,107
"1997","was","34387",24,7,29.2,96
"1998","was","34401",29,12,41.4,107
"1999","was","34416",22,8,36.4,111
"2000","was","34433",22,11,50,118
"2001","was","34458",26,6,23.1,91
"2002","was","34464",30,11,36.7,105
"2003","was","34484",22,12,54.6,112
"2004","was","34502",32,10,31.2,107
"2005","was","34511",22,11,50,101
"2006","was","34523",26,10,38.5,108
"2007","was","34544",17,8,47.1,109
"2008","was","34554",23,13,56.5,120
"2009","was","34568",29,8,27.6,104
"2010","was","34578",32,13,40.6,113
"2011","was","34591",26,8,30.8,112
"2012","was","34605",25,10,40,109
"2013","was","34616",20,9,45,123
"2014","was","34642",31,13,41.9,112
"2015","was","34654",21,10,47.6,107
"2016","was","34664",22,7,31.8,117
"2017","was","34682",33,12,36.4,116
"2018","was","34695",31,10,32.3,105
"2019","was","34709",29,12,41.4,135
"2020","was","34724",25,9,36,114
"2021","was","34745",29,10,34.5,112
"2022","was","34760",21,13,61.9,120
"2023","was","34788",29,15,51.7,111
"2024","was","34796",24,5,20.8,112
"2025","was","34817",22,8,36.4,92
"2026","was","34829",28,12,42.9,112
"2027","was","34836",25,9,36,105
"2028","was","34850",30,10,33.3,106
"2029","was","34870",26,14,53.8,115
"2030","was","34888",18,7,38.9,131
"2031","was","34898",26,11,42.3,123
"2032","was","34912",26,9,34.6,130
"2033","was","34923",25,12,48,125
"2034","was","34935",26,7,26.9,104
"2035","was","34944",30,12,40,107
"2036","was","34961",26,10,38.5,112
"2037","was","34970",33,11,33.3,93
"2038","was","34987",35,8,22.9,102
"2039","was","35003",34,11,32.4,104
"2040","was","35012",26,10,38.5,129
"2041","was","35023",18,8,44.4,127
"2042","was","35050",23,6,26.1,119
"2043","was","35059",34,13,38.2,124
"2044","was","35074",17,5,29.4,88
"2045","was","35092",27,10,37,115
"2046","was","35095",34,17,50,118
"2047","was","35116",34,14,41.2,106
"2048","was","35132",22,8,36.4,103
"2049","was","35148",19,7,36.8,105
"2050","was","35161",26,7,26.9,102
"2051","den","33950",24,8,33.3,107
"2052","den","33973",23,6,26.1,113
"2053","den","33982",22,9,40.9,102
"2054","den","34007",22,6,27.3,102
"2055","den","34022",25,7,28,86
"2056","den","34031",23,11,47.8,123
"2057","den","34042",24,10,41.7,107
"2058","den","34059",36,13,36.1,101
"2059","den","34078",25,9,36,95
"2060","den","34084",29,11,37.9,105
"2061","den","34106",17,8,47.1,120
"2062","den","34121",25,4,16,111
"2063","den","34137",22,8,36.4,105
"2064","den","34150",22,10,45.4,110
"2065","den","34161",27,9,33.3,83
"2066","den","34175",34,12,35.3,129
"2067","den","34186",29,13,44.8,120
"2068","den","34213",22,7,31.8,98
"2069","den","34230",31,9,29,110
"2070","den","34237",24,13,54.2,98
"2071","den","34244",27,10,37,106
"2072","den","34263",37,11,29.7,111
"2073","den","34272",32,7,21.9,85
"2074","den","34287",19,8,42.1,121
"2075","den","34305",25,7,28,92
"2076","den","34326",31,15,48.4,132
"2077","den","34344",27,10,37,127
"2078","den","34357",25,13,52,117
"2079","den","34366",39,11,28.2,102
"2080","den","34391",25,8,32,108
"2081","den","34410",31,11,35.5,106
"2082","den","34423",28,10,35.7,105
"2083","den","34440",27,11,40.7,122
"2084","den","34460",35,9,25.7,119
"2085","den","34466",38,18,47.4,113
"2086","den","34483",25,7,28,99
"2087","den","34495",24,9,37.5,106
"2088","den","34526",32,15,46.9,140
"2089","den","34557",27,9,33.3,125
"2090","den","34566",26,11,42.3,127
"2091","den","34579",31,10,32.3,104
"2092","den","34598",24,10,41.7,123
"2093","den","34604",24,7,29.2,108
"2094","den","34618",26,10,38.5,103
"2095","den","34632",23,9,39.1,127
"2096","den","34649",25,8,32,123
"2097","den","34669",27,15,55.6,116
"2098","den","34677",25,9,36,99
"2099","den","34692",28,9,32.1,121
"2100","den","34702",26,10,38.5,97
"2101","den","34716",28,11,39.3,110
"2102","den","34725",44,13,29.6,106
"2103","den","34740",32,16,50,131
"2104","den","34751",37,12,32.4,109
"2105","den","34767",40,24,60,132
"2106","den","34782",34,11,32.4,99
"2107","den","34795",35,12,34.3,100
"2108","den","34804",31,14,45.2,129
"2109","den","34816",34,11,32.4,98
"2110","den","34831",30,13,43.3,125
"2111","den","34840",33,10,30.3,110
"2112","den","34863",30,9,30,102
"2113","den","34883",30,13,43.3,108
"2114","den","34898",28,13,46.4,113
"2115","den","34910",31,12,38.7,119
"2116","den","34924",34,9,26.5,105
"2117","den","34938",38,17,44.7,129
"2118","den","34958",28,15,53.6,129
"2119","den","34974",31,10,32.3,105
"2120","den","34988",29,12,41.4,124
"2121","den","35004",26,11,42.3,126
"2122","den","35015",27,7,25.9,125
"2123","den","35035",25,6,24,90
"2124","den","35049",30,9,30,113
"2125","den","35067",33,16,48.5,114
"2126","den","35090",20,5,25,116
"2127","den","35098",30,13,43.3,134
"2128","den","35108",38,7,18.4,104
"2129","den","35124",32,13,40.6,122
"2130","den","35138",34,11,32.4,105
"2131","den","35154",42,18,42.9,109
"2132","den","35165",25,7,28,111
"2133","min","33949",18,6,33.3,98
"2134","min","33974",22,7,31.8,103
"2135","min","33992",20,12,60,116
"2136","min","34007",22,9,40.9,99
"2137","min","34019",19,4,21,92
"2138","min","34041",28,12,42.9,110
"2139","min","34049",23,13,56.5,123
"2140","min","34075",22,8,36.4,105
"2141","min","34082",27,13,48.2,125
"2142","min","34095",35,15,42.9,108
"2143","min","34112",25,6,24,110
"2144","min","34130",22,7,31.8,71
"2145","min","34145",24,4,16.7,93
"2146","min","34162",17,3,17.6,96
"2147","min","34176",22,7,31.8,98
"2148","min","34184",35,10,28.6,102
"2149","min","34198",19,7,36.8,103
"2150","min","34211",19,4,21,104
"2151","min","34225",28,10,35.7,114
"2152","min","34232",27,10,37,125
"2153","min","34259",20,7,35,91
"2154","min","34271",28,9,32.1,110
"2155","min","34282",16,3,18.8,90
"2156","min","34298",24,9,37.5,108
"2157","min","34310",21,6,28.6,99
"2158","min","34343",21,7,33.3,109
"2159","min","34356",19,7,36.8,115
"2160","min","34370",29,9,31,92
"2161","min","34390",32,12,37.5,105
"2162","min","34399",12,4,33.3,100
"2163","min","34408",31,15,48.4,104
"2164","min","34423",25,7,28,103
"2165","min","34437",25,13,52,116
"2166","min","34451",23,7,30.4,89
"2167","min","34461",24,7,29.2,91
"2168","min","34484",18,7,38.9,105
"2169","min","34496",20,7,35,92
"2170","min","34510",16,6,37.5,101
"2171","min","34522",23,8,34.8,119
"2172","min","34536",18,5,27.8,96
"2173","min","34548",21,5,23.8,87
"2174","min","34565",13,6,46.2,114
"2175","min","34580",16,5,31.2,104
"2176","min","34604",15,6,40,111
"2177","min","34619",17,6,35.3,112
"2178","min","34631",27,10,37,103
"2179","min","34650",20,9,45,129
"2180","min","34660",29,12,41.4,111
"2181","min","34671",21,7,33.3,97
"2182","min","34688",17,5,29.4,108
"2183","min","34703",26,10,38.5,99
"2184","min","34715",11,5,45.4,113
"2185","min","34730",19,7,36.8,112
"2186","min","34744",27,6,22.2,106
"2187","min","34756",24,6,25,117
"2188","min","34772",23,9,39.1,108
"2189","min","34782",18,6,33.3,112
"2190","min","34802",13,5,38.5,97
"2191","min","34812",26,9,34.6,130
"2192","min","34828",23,8,34.8,102
"2193","min","34843",16,8,50,107
"2194","min","34865",16,4,25,90
"2195","min","34895",20,5,25,107
"2196","min","34908",14,4,28.6,103
"2197","min","34918",13,5,38.5,95
"2198","min","34935",21,10,47.6,119
"2199","min","34946",27,8,29.6,104
"2200","min","34965",12,2,16.7,105
"2201","min","34979",25,9,36,109
"2202","min","34996",15,7,46.7,93
"2203","min","35020",21,7,33.3,119
"2204","min","35026",10,2,20,100
"2205","min","35044",20,9,45,115
"2206","min","35063",21,10,47.6,119
"2207","min","35080",25,9,36,117
"2208","min","35102",19,4,21,107
"2209","min","35118",18,4,22.2,98
"2210","min","35125",16,7,43.8,113
"2211","min","35142",16,3,18.8,109
"2212","min","35153",20,5,25,98
"2213","min","35164",23,11,47.8,118
"2214","min","40241",9,4,44.4,110
"2215","okl","33951",22,6,27.3,103
"2216","okl","33961",21,5,23.8,113
"2217","okl","33980",26,9,34.6,113
"2218","okl","34004",20,5,25,85
"2219","okl","34009",27,10,37,96
"2220","okl","34019",16,7,43.8,112
"2221","okl","34037",28,9,32.1,97
"2222","okl","34052",34,12,35.3,102
"2223","okl","34066",28,16,57.1,108
"2224","okl","34081",25,7,28,117
"2225","okl","34087",27,5,18.5,88
"2226","okl","34104",25,12,48,105
"2227","okl","34118",26,7,26.9,124
"2228","okl","34135",36,10,27.8,111
"2229","okl","34151",27,11,40.7,109
"2230","okl","34164",25,7,28,101
"2231","okl","34175",26,13,50,132
"2232","okl","34182",23,8,34.8,106
"2233","okl","34195",22,8,36.4,112
"2234","okl","34210",30,12,40,126
"2235","okl","34241",28,6,21.4,101
"2236","okl","34247",31,10,32.3,102
"2237","okl","34281",28,7,25,99
"2238","okl","34297",21,3,14.3,99
"2239","okl","34313",27,8,29.6,95
"2240","okl","34322",19,6,31.6,89
"2241","okl","34339",16,7,43.8,114
"2242","okl","34355",35,10,28.6,108
"2243","okl","34373",28,11,39.3,121
"2244","okl","34385",26,11,42.3,117
"2245","okl","34399",24,8,33.3,112
"2246","okl","34413",19,5,26.3,106
"2247","okl","34427",22,4,18.2,80
"2248","okl","34447",29,10,34.5,114
"2249","okl","34453",27,9,33.3,94
"2250","okl","34469",30,9,30,112
"2251","okl","34480",30,12,40,116
"2252","okl","34495",36,12,33.3,121
"2253","okl","34509",24,7,29.2,109
"2254","okl","34521",26,8,30.8,103
"2255","okl","34536",20,3,15,86
"2256","okl","34550",28,9,32.1,122
"2257","okl","34561",30,10,33.3,98
"2258","okl","34574",28,8,28.6,100
"2259","okl","34613",20,6,30,97
"2260","okl","34626",27,10,37,114
"2261","okl","34630",22,9,40.9,109
"2262","okl","34652",26,6,23.1,91
"2263","okl","34667",28,7,25,94
"2264","okl","34680",37,10,27,100
"2265","okl","34690",26,13,50,114
"2266","okl","34707",18,4,22.2,105
"2267","okl","34710",28,7,25,90
"2268","okl","34736",27,8,29.6,118
"2269","okl","34752",24,6,25,114
"2270","okl","34760",34,7,20.6,98
"2271","okl","34785",23,12,52.2,116
"2272","okl","34801",24,10,41.7,110
"2273","okl","34820",21,6,28.6,118
"2274","okl","34833",22,15,68.2,109
"2275","okl","34848",29,11,37.9,109
"2276","okl","34856",35,9,25.7,111
"2277","okl","34872",22,2,9.1,89
"2278","okl","34886",25,10,40,121
"2279","okl","34902",20,6,30,102
"2280","okl","34913",23,8,34.8,112
"2281","okl","34940",22,10,45.4,122
"2282","okl","34955",25,14,56,123
"2283","okl","34968",26,10,38.5,110
"2284","okl","34989",21,4,19,95
"2285","okl","35002",16,4,25,122
"2286","okl","35031",30,11,36.7,125
"2287","okl","35040",23,6,26.1,92
"2288","okl","35052",33,10,30.3,114
"2289","okl","35075",21,6,28.6,95
"2290","okl","35083",31,12,38.7,101
"2291","okl","35099",28,9,32.1,110
"2292","okl","35107",31,14,45.2,103
"2293","okl","35126",31,7,22.6,99
"2294","okl","35138",25,6,24,106
"2295","okl","35153",22,7,31.8,100
"2296","okl","35165",25,8,32,105
"2297","por","33942",19,13,68.4,113
"2298","por","33957",18,4,22.2,106
"2299","por","33973",32,10,31.2,115
"2300","por","33994",39,14,35.9,104
"2301","por","34003",33,12,36.4,115
"2302","por","34016",31,12,38.7,105
"2303","por","34028",33,14,42.4,100
"2304","por","34043",31,14,45.2,124
"2305","por","34055",30,6,20,80
"2306","por","34068",33,13,39.4,122
"2307","por","34084",29,8,27.6,112
"2308","por","34096",34,9,26.5,88
"2309","por","34111",28,10,35.7,109
"2310","por","34117",34,12,35.3,101
"2311","por","34134",36,15,41.7,129
"2312","por","34148",22,6,27.3,103
"2313","por","34155",29,13,44.8,125
"2314","por","34177",32,12,37.5,119
"2315","por","34191",33,12,36.4,114
"2316","por","34215",32,12,37.5,131
"2317","por","34238",24,9,37.5,99
"2318","por","34248",24,9,37.5,112
"2319","por","34265",40,17,42.5,107
"2320","por","34273",28,7,25,86
"2321","por","34288",37,16,43.2,111
"2322","por","34306",21,10,47.6,120
"2323","por","34313",23,8,34.8,114
"2324","por","34326",23,8,34.8,120
"2325","por","34345",28,8,28.6,90
"2326","por","34368",28,4,14.3,121
"2327","por","34376",27,10,37,95
"2328","por","34394",30,12,40,90
"2329","por","34409",23,8,34.8,91
"2330","por","34424",25,12,48,102
"2331","por","34439",20,6,30,94
"2332","por","34451",22,6,27.3,95
"2333","por","34474",26,12,46.2,117
"2334","por","34482",33,12,36.4,118
"2335","por","34499",35,15,42.9,124
"2336","por","34517",21,7,33.3,108
"2337","por","34525",30,10,33.3,102
"2338","por","34538",34,10,29.4,109
"2339","por","34554",26,8,30.8,101
"2340","por","34569",31,8,25.8,85
"2341","por","34581",19,6,31.6,92
"2342","por","34590",25,10,40,127
"2343","por","34629",15,4,26.7,105
"2344","por","34643",35,16,45.7,112
"2345","por","34658",27,10,37,111
"2346","por","34668",31,11,35.5,115
"2347","por","34694",30,9,30,104
"2348","por","34707",28,10,35.7,99
"2349","por","34721",28,11,39.3,114
"2350","por","34738",26,9,34.6,111
"2351","por","34770",42,16,38.1,104
"2352","por","34783",22,9,40.9,88
"2353","por","34790",19,9,47.4,112
"2354","por","34818",21,9,42.9,106
"2355","por","34830",25,10,40,113
"2356","por","34848",25,10,40,114
"2357","por","34866",25,16,64,130
"2358","por","34886",23,11,47.8,126
"2359","por","34904",21,6,28.6,114
"2360","por","34923",32,16,50,124
"2361","por","34928",22,7,31.8,110
"2362","por","34942",32,11,34.4,77
"2363","por","34951",22,9,40.9,110
"2364","por","34969",18,8,44.4,113
"2365","por","34981",26,13,50,115
"2366","por","34997",21,4,19,90
"2367","por","35011",21,11,52.4,110
"2368","por","35026",22,11,50,112
"2369","por","35036",28,12,42.9,97
"2370","por","35049",27,8,29.6,122
"2371","por","35065",33,13,39.4,117
"2372","por","35081",37,15,40.5,130
"2373","por","35104",26,6,23.1,87
"2374","por","35118",33,14,42.4,105
"2375","por","35134",30,13,43.3,101
"2376","por","35149",28,12,42.9,99
"2377","por","35170",30,13,43.3,100
"2378","por","40241",32,11,34.4,109
"2379","uta","33942",24,8,33.3,104
"2380","uta","33964",25,6,24,96
"2381","uta","33975",19,7,36.8,75
"2382","uta","33993",31,15,48.4,106
"2383","uta","34002",25,12,48,97
"2384","uta","34017",26,11,42.3,86
"2385","uta","34027",25,8,32,114
"2386","uta","34033",19,11,57.9,109
"2387","uta","34048",34,8,23.5,98
"2388","uta","34064",28,7,25,87
"2389","uta","34076",20,6,30,102
"2390","uta","34091",28,8,28.6,96
"2391","uta","34113",25,5,20,77
"2392","uta","34124",27,12,44.4,102
"2393","uta","34137",26,7,26.9,91
"2394","uta","34161",26,8,30.8,108
"2395","uta","34171",34,10,29.4,95
"2396","uta","34198",18,4,22.2,112
"2397","uta","34205",28,15,53.6,120
"2398","uta","34220",30,17,56.7,110
"2399","uta","34237",25,9,36,105
"2400","uta","34253",32,13,40.6,107
"2401","uta","34260",27,12,44.4,112
"2402","uta","34275",38,10,26.3,99
"2403","uta","34294",29,13,44.8,104
"2404","uta","34322",23,13,56.5,109
"2405","uta","34338",22,8,36.4,103
"2406","uta","34347",27,8,29.6,82
"2407","uta","34367",30,9,30,74
"2408","uta","34374",27,9,33.3,93
"2409","uta","34392",27,10,37,98
"2410","uta","34415",26,9,34.6,102
"2411","uta","34429",26,15,57.7,100
"2412","uta","34446",20,8,40,91
"2413","uta","34455",24,7,29.2,101
"2414","uta","34462",26,11,42.3,104
"2415","uta","34477",20,7,35,93
"2416","uta","34496",23,8,34.8,94
"2417","uta","34504",23,9,39.1,79
"2418","uta","34516",34,13,38.2,100
"2419","uta","34540",31,16,51.6,110
"2420","uta","34545",26,7,26.9,114
"2421","uta","34560",23,8,34.8,106
"2422","uta","34588",23,8,34.8,112
"2423","uta","34599",24,6,25,109
"2424","uta","34613",21,5,23.8,95
"2425","uta","34618",22,7,31.8,93
"2426","uta","34633",26,6,23.1,96
"2427","uta","34648",25,10,40,95
"2428","uta","34678",29,11,37.9,104
"2429","uta","34700",33,13,39.4,105
"2430","uta","34712",26,10,38.5,120
"2431","uta","34729",32,14,43.8,127
"2432","uta","34737",29,13,44.8,105
"2433","uta","34755",31,8,25.8,104
"2434","uta","34768",23,4,17.4,72
"2435","uta","34783",22,11,50,111
"2436","uta","34800",23,8,34.8,109
"2437","uta","34817",24,11,45.8,102
"2438","uta","34833",22,9,40.9,106
"2439","uta","34843",19,4,21,80
"2440","uta","34855",26,12,46.2,112
"2441","uta","34871",33,10,30.3,110
"2442","uta","34884",27,10,37,88
"2443","uta","34894",31,12,38.7,115
"2444","uta","34913",20,9,45,104
"2445","uta","34936",21,14,66.7,114
"2446","uta","34948",28,13,46.4,97
"2447","uta","34954",21,5,23.8,83
"2448","uta","34972",25,7,28,86
"2449","uta","34986",26,6,23.1,100
"2450","uta","35006",28,7,25,108
"2451","uta","35022",26,8,30.8,95
"2452","uta","35042",27,15,55.6,108
"2453","uta","35060",32,13,40.6,112
"2454","uta","35074",25,10,40,95
"2455","uta","35086",24,9,37.5,103
"2456","uta","35104",23,13,56.5,106
"2457","uta","35125",25,14,56,120
"2458","uta","35134",19,6,31.6,86
"2459","uta","35151",35,13,37.1,105
"2460","uta","35167",26,10,38.5,101
